epoch,batch,loss
1,0,6.530090808868408
1,1,5.680631160736084
1,2,5.216204643249512
1,3,4.681739807128906
1,4,4.359597206115723
1,5,4.06804895401001
1,6,3.7368836402893066
1,7,3.5684382915496826
1,8,3.3885388374328613
1,9,3.21500301361084
1,10,3.031012773513794
1,11,3.099104642868042
1,12,2.9864470958709717
1,13,3.16158390045166
1,14,2.9629366397857666
1,15,2.9551303386688232
1,16,3.048292636871338
1,17,2.9812707901000977
1,18,2.787534713745117
1,19,2.9274497032165527
1,20,2.8181324005126953
1,21,2.8538472652435303
1,22,2.8301072120666504
1,23,2.774233818054199
1,24,2.8503851890563965
1,25,2.7125933170318604
1,26,2.7306623458862305
1,27,2.8582096099853516
1,28,2.72221302986145
1,29,2.7540998458862305
1,30,2.7452120780944824
1,31,2.8407201766967773
1,32,2.7037360668182373
1,33,2.7551727294921875
1,34,2.8021090030670166
1,35,2.796814441680908
1,36,2.6702370643615723
1,37,2.757302761077881
1,38,2.715862989425659
1,39,2.6065893173217773
1,40,2.678377151489258
1,41,2.670715808868408
1,42,2.633801221847534
1,43,2.6599912643432617
1,44,2.6587443351745605
1,45,2.6642651557922363
1,46,2.6079607009887695
1,47,2.6912569999694824
1,48,2.707336664199829
1,49,2.6154847145080566
1,50,2.618467330932617
1,51,2.6867547035217285
1,52,2.640315532684326
1,53,2.625859260559082
1,54,2.6770224571228027
1,55,2.5779528617858887
1,56,2.60090970993042
1,57,2.5566439628601074
1,58,2.5835447311401367
1,59,2.5456960201263428
1,60,2.7108516693115234
1,61,2.7048847675323486
1,62,2.604156017303467
1,63,2.5918567180633545
1,64,2.6615841388702393
1,65,2.5971262454986572
1,66,2.668703079223633
1,67,2.5868115425109863
1,68,2.5579147338867188
1,69,2.574780225753784
1,70,2.567338466644287
1,71,2.5910286903381348
1,72,2.6024246215820312
1,73,2.6069440841674805
1,74,2.549267292022705
1,75,2.5221710205078125
1,76,2.543792724609375
1,77,2.6134960651397705
1,78,2.5771596431732178
1,79,2.6160449981689453
1,80,2.5986480712890625
1,81,2.5409035682678223
1,82,2.5956335067749023
1,83,2.586210250854492
1,84,2.552387237548828
1,85,2.608015298843384
1,86,2.5754446983337402
1,87,2.5774788856506348
1,88,2.653402328491211
1,89,2.6144826412200928
1,90,2.628005027770996
1,91,2.6566884517669678
1,92,2.57407283782959
1,93,2.557478427886963
1,94,2.6396193504333496
1,95,2.6080331802368164
1,96,2.535491943359375
1,97,2.5382814407348633
1,98,2.5540013313293457
1,99,2.487046718597412
1,100,2.5365147590637207
1,101,2.5000908374786377
1,102,2.5297436714172363
1,103,2.5614013671875
1,104,2.566603183746338
1,105,2.453279972076416
1,106,2.547295570373535
1,107,2.5377044677734375
1,108,2.477499008178711
1,109,2.574171304702759
1,110,2.591259002685547
1,111,2.4523375034332275
1,112,2.513552188873291
1,113,2.541294574737549
1,114,2.5108957290649414
1,115,2.5360476970672607
1,116,2.5559773445129395
1,117,2.557835578918457
1,118,2.583629608154297
1,119,2.53035306930542
1,120,2.5251083374023438
1,121,2.53053617477417
1,122,2.6499922275543213
1,123,2.4898548126220703
1,124,2.42771577835083
1,125,2.5738978385925293
1,126,2.4867968559265137
1,127,2.504821300506592
1,128,2.483462333679199
1,129,2.4995718002319336
1,130,2.4849610328674316
1,131,2.480757713317871
1,132,2.5256052017211914
1,133,2.501981735229492
1,134,2.4933407306671143
1,135,2.535539388656616
1,136,2.5047049522399902
1,137,2.4704103469848633
1,138,2.5026650428771973
1,139,2.4372363090515137
1,140,2.558307647705078
1,141,2.4752037525177
1,142,2.5362725257873535
1,143,2.5615479946136475
1,144,2.6186559200286865
1,145,2.5367484092712402
1,146,2.5559730529785156
1,147,2.506836414337158
1,148,2.468740940093994
1,149,2.427525520324707
1,150,2.554701089859009
1,151,2.4923181533813477
1,152,2.488825798034668
1,153,2.463954448699951
1,154,2.5042858123779297
1,155,2.5158584117889404
1,156,2.4260923862457275
1,157,2.5093483924865723
1,158,2.55562424659729
1,159,2.547170639038086
1,160,2.4453282356262207
1,161,2.496459484100342
1,162,2.4350192546844482
1,163,2.508192539215088
1,164,2.4176652431488037
1,165,2.532823324203491
1,166,2.5131053924560547
1,167,2.457219362258911
1,168,2.505859613418579
1,169,2.5172572135925293
1,170,2.5095372200012207
1,171,2.481757164001465
1,172,2.4398813247680664
1,173,2.5007336139678955
1,174,2.474851608276367
1,175,2.4446628093719482
1,176,2.4328479766845703
1,177,2.5030484199523926
1,178,2.423480987548828
1,179,2.464989423751831
1,180,2.507011890411377
1,181,2.5485105514526367
1,182,2.567507028579712
1,183,2.515049695968628
1,184,2.438274621963501
1,185,2.454296827316284
1,186,2.5195236206054688
1,187,2.4738306999206543
1,188,2.5381014347076416
1,189,2.4252982139587402
1,190,2.404482126235962
1,191,2.5350465774536133
1,192,2.4457011222839355
1,193,2.4103803634643555
1,194,2.491623878479004
1,195,2.452662467956543
1,196,2.4860615730285645
1,197,2.493429183959961
1,198,2.4838645458221436
1,199,2.4406490325927734
1,200,2.472947597503662
1,201,2.4888267517089844
1,202,2.5351786613464355
1,203,2.504347801208496
1,204,2.474649667739868
1,205,2.5393216609954834
1,206,2.4816455841064453
1,207,2.393972873687744
1,208,2.431567430496216
1,209,2.524972677230835
1,210,2.4746296405792236
1,211,2.4393389225006104
1,212,2.450028896331787
1,213,2.451185941696167
1,214,2.4686696529388428
1,215,2.5199007987976074
1,216,2.4763479232788086
1,217,2.4955177307128906
1,218,2.4837186336517334
1,219,2.512850522994995
1,220,2.4213051795959473
1,221,2.4801549911499023
1,222,2.5429985523223877
1,223,2.550877571105957
1,224,2.4150774478912354
1,225,2.410050392150879
1,226,2.447512149810791
1,227,2.5243306159973145
1,228,2.5233006477355957
1,229,2.453369617462158
1,230,2.4255971908569336
1,231,2.5607693195343018
1,232,2.4565281867980957
1,233,2.569195508956909
1,234,2.4210734367370605
1,235,2.4647436141967773
1,236,2.3452541828155518
1,237,2.498485565185547
1,238,2.4508800506591797
1,239,2.454961061477661
1,240,2.450448513031006
1,241,2.4156198501586914
1,242,2.4307470321655273
1,243,2.444711446762085
1,244,2.438802719116211
1,245,2.451767921447754
1,246,2.4829540252685547
1,247,2.484140396118164
1,248,2.4540228843688965
1,249,2.498767852783203
1,250,2.4660496711730957
1,251,2.415574073791504
1,252,2.483560085296631
1,253,2.516392707824707
1,254,2.453869342803955
1,255,2.42092227935791
1,256,2.4452269077301025
1,257,2.53275728225708
1,258,2.5287272930145264
1,259,2.3867390155792236
1,260,2.4537439346313477
1,261,2.4419667720794678
1,262,2.378556728363037
1,263,2.4298715591430664
1,264,2.459984540939331
1,265,2.485858917236328
1,266,2.4664146900177
1,267,2.41999888420105
1,268,2.4106361865997314
1,269,2.4044981002807617
1,270,2.4039297103881836
1,271,2.4235739707946777
1,272,2.496077060699463
1,273,2.49660062789917
1,274,2.438357353210449
1,275,2.4277844429016113
1,276,2.479945421218872
1,277,2.390540838241577
1,278,2.544281005859375
1,279,2.4697651863098145
1,280,2.522777795791626
1,281,2.4268174171447754
1,282,2.3959951400756836
1,283,2.484628200531006
1,284,2.4259119033813477
1,285,2.451972007751465
1,286,2.4690990447998047
1,287,2.3451976776123047
1,288,2.39315128326416
1,289,2.417492389678955
1,290,2.4206490516662598
1,291,2.441364288330078
1,292,2.4040982723236084
1,293,2.367217540740967
1,294,2.4644651412963867
1,295,2.3865113258361816
1,296,2.511941432952881
1,297,2.4255781173706055
1,298,2.4349865913391113
1,299,2.3587770462036133
1,300,2.5073533058166504
1,301,2.4332399368286133
1,302,2.49593448638916
1,303,2.405897855758667
1,304,2.4628663063049316
1,305,2.5220303535461426
1,306,2.54345440864563
1,307,2.406677722930908
1,308,2.416691541671753
1,309,2.396214008331299
1,310,2.48368501663208
1,311,2.313755512237549
1,312,2.433892250061035
1,313,2.4022061824798584
1,314,2.4865386486053467
1,315,2.3870797157287598
1,316,2.4032845497131348
1,317,2.442652702331543
1,318,2.3713479042053223
1,319,2.453556537628174
1,320,2.446153163909912
1,321,2.462556838989258
1,322,2.453644275665283
1,323,2.484431505203247
1,324,2.466252326965332
1,325,2.441183567047119
1,326,2.4612863063812256
1,327,2.4075608253479004
1,328,2.333695411682129
1,329,2.425086498260498
1,330,2.398611307144165
1,331,2.3796958923339844
1,332,2.421119451522827
1,333,2.468604564666748
1,334,2.427190065383911
1,335,2.495299816131592
1,336,2.4099607467651367
1,337,2.366236925125122
1,338,2.488239288330078
1,339,2.3786230087280273
1,340,2.416672706604004
1,341,2.376842498779297
1,342,2.4073691368103027
1,343,2.3744049072265625
1,344,2.423835039138794
1,345,2.5315539836883545
1,346,2.398556709289551
1,347,2.468414306640625
1,348,2.382842540740967
1,349,2.507148027420044
1,350,2.3648767471313477
1,351,2.413588047027588
1,352,2.3938167095184326
1,353,2.4017996788024902
1,354,2.406651735305786
1,355,2.452808380126953
1,356,2.4227778911590576
1,357,2.406529426574707
1,358,2.3864126205444336
1,359,2.4147324562072754
1,360,2.496445655822754
1,361,2.4408199787139893
1,362,2.384158134460449
1,363,2.490051031112671
1,364,2.4340944290161133
1,365,2.4016854763031006
1,366,2.3605854511260986
1,367,2.4501090049743652
1,368,2.320916175842285
1,369,2.5281858444213867
1,370,2.3531594276428223
1,371,2.4020652770996094
1,372,2.3534481525421143
1,373,2.382478713989258
1,374,2.3969035148620605
1,375,2.4147696495056152
1,376,2.366973876953125
1,377,2.4236528873443604
1,378,2.4531772136688232
1,379,2.2522706985473633
1,380,2.4487218856811523
1,381,2.475886344909668
1,382,2.283284902572632
1,383,2.4676761627197266
1,384,2.385101318359375
1,385,2.39174747467041
1,386,2.3641176223754883
1,387,2.4152228832244873
1,388,2.4069294929504395
1,389,2.371715784072876
1,390,2.3987174034118652
1,391,2.372788906097412
1,392,2.376802444458008
1,393,2.453979015350342
1,394,2.365342140197754
1,395,2.375476360321045
1,396,2.3491625785827637
1,397,2.4068236351013184
1,398,2.373087167739868
1,399,2.4127707481384277
1,400,2.4268765449523926
1,401,2.4404900074005127
1,402,2.4121146202087402
1,403,2.391785144805908
1,404,2.398231267929077
1,405,2.4369635581970215
1,406,2.4155683517456055
1,407,2.3462514877319336
1,408,2.409559726715088
1,409,2.3372974395751953
1,410,2.3946661949157715
1,411,2.3980352878570557
1,412,2.3647620677948
1,413,2.404667854309082
1,414,2.366877555847168
1,415,2.4429426193237305
1,416,2.414755344390869
1,417,2.4267897605895996
1,418,2.4018309116363525
1,419,2.448267936706543
1,420,2.456663131713867
1,421,2.4199862480163574
1,422,2.370514392852783
1,423,2.343409538269043
1,424,2.3722822666168213
1,425,2.385495662689209
1,426,2.378021478652954
1,427,2.363452672958374
1,428,2.4140636920928955
1,429,2.4012932777404785
1,430,2.405367374420166
1,431,2.4162375926971436
1,432,2.41878080368042
1,433,2.3380134105682373
1,434,2.3774147033691406
1,435,2.431910991668701
1,436,2.393979549407959
1,437,2.3343968391418457
1,438,2.3715906143188477
1,439,2.4289093017578125
1,440,2.490583658218384
1,441,2.4221255779266357
1,442,2.3565731048583984
1,443,2.380524158477783
1,444,2.4720520973205566
1,445,2.3500475883483887
1,446,2.44891357421875
1,447,2.4106104373931885
1,448,2.3683249950408936
1,449,2.488056182861328
1,450,2.425997734069824
1,451,2.375469446182251
1,452,2.3489770889282227
1,453,2.3487637042999268
1,454,2.3639557361602783
1,455,2.4518895149230957
1,456,2.4238085746765137
1,457,2.383028268814087
1,458,2.393308639526367
1,459,2.3684568405151367
1,460,2.365661382675171
1,461,2.414632797241211
1,462,2.3577985763549805
1,463,2.380460739135742
1,464,2.471785068511963
1,465,2.3945059776306152
1,466,2.381490707397461
1,467,2.4263925552368164
1,468,2.3567564487457275
1,469,2.440032482147217
1,470,2.37136173248291
1,471,2.3582751750946045
1,472,2.399202823638916
1,473,2.389444351196289
1,474,2.3605613708496094
1,475,2.308751344680786
1,476,2.4705493450164795
1,477,2.402550458908081
1,478,2.4440693855285645
1,479,2.333994150161743
1,480,2.3840794563293457
1,481,2.3220763206481934
1,482,2.344862222671509
1,483,2.3399977684020996
1,484,2.392162322998047
1,485,2.48386287689209
1,486,2.374915599822998
1,487,2.3194010257720947
1,488,2.3909666538238525
1,489,2.398893356323242
1,490,2.326117992401123
1,491,2.3473029136657715
1,492,2.4351258277893066
1,493,2.369447708129883
1,494,2.379058837890625
1,495,2.4261770248413086
1,496,2.3654613494873047
1,497,2.314077377319336
1,498,2.280331611633301
1,499,2.2844693660736084
1,500,2.4121217727661133
1,501,2.3628830909729004
1,502,2.390331268310547
1,503,2.3479743003845215
1,504,2.3959922790527344
1,505,2.4658203125
1,506,2.3986868858337402
1,507,2.3463706970214844
1,508,2.369382858276367
1,509,2.4383745193481445
1,510,2.3727025985717773
1,511,2.3207602500915527
1,512,2.3865017890930176
1,513,2.422543525695801
1,514,2.3280181884765625
1,515,2.382194757461548
1,516,2.360283374786377
1,517,2.4790568351745605
1,518,2.3096094131469727
1,519,2.320448637008667
1,520,2.3489022254943848
1,521,2.412200927734375
1,522,2.322134256362915
1,523,2.313322067260742
1,524,2.3714919090270996
1,525,2.3976058959960938
1,526,2.3375909328460693
1,527,2.3271989822387695
1,528,2.316689968109131
1,529,2.396864414215088
1,530,2.3669514656066895
1,531,2.406939744949341
1,532,2.314016819000244
1,533,2.3565402030944824
1,534,2.4304182529449463
1,535,2.3540565967559814
1,536,2.27750563621521
1,537,2.3891561031341553
1,538,2.4205427169799805
1,539,2.3669679164886475
1,540,2.4864211082458496
1,541,2.349757671356201
1,542,2.3775758743286133
1,543,2.4471182823181152
1,544,2.3541197776794434
1,545,2.488274335861206
1,546,2.365286111831665
1,547,2.4293389320373535
1,548,2.40232515335083
1,549,2.385899782180786
1,550,2.423686981201172
1,551,2.3028836250305176
1,552,2.3756601810455322
1,553,2.3420865535736084
1,554,2.441776752471924
1,555,2.3729805946350098
1,556,2.365323543548584
1,557,2.3685543537139893
1,558,2.369196891784668
1,559,2.370297431945801
1,560,2.4425785541534424
1,561,2.2751193046569824
1,562,2.3699302673339844
1,563,2.4848082065582275
1,564,2.3609018325805664
1,565,2.4193761348724365
1,566,2.3810365200042725
1,567,2.3121373653411865
1,568,2.387950897216797
1,569,2.387730121612549
1,570,2.345419406890869
1,571,2.373317003250122
1,572,2.3976826667785645
1,573,2.338038682937622
1,574,2.356705665588379
1,575,2.4044699668884277
1,576,2.4712276458740234
1,577,2.3805220127105713
1,578,2.2922849655151367
1,579,2.375112295150757
1,580,2.4355504512786865
1,581,2.382333278656006
1,582,2.4078049659729004
1,583,2.3197922706604004
1,584,2.3196887969970703
1,585,2.3541994094848633
1,586,2.3607547283172607
1,587,2.3391356468200684
1,588,2.407423973083496
1,589,2.3495190143585205
1,590,2.277617931365967
1,591,2.3732242584228516
1,592,2.375098705291748
1,593,2.3434863090515137
1,594,2.4931113719940186
1,595,2.3910632133483887
1,596,2.3786849975585938
1,597,2.3485896587371826
1,598,2.3236865997314453
1,599,2.367072582244873
1,600,2.408498764038086
1,601,2.366347312927246
1,602,2.3126237392425537
1,603,2.3353586196899414
1,604,2.3548264503479004
1,605,2.423259735107422
1,606,2.372936487197876
1,607,2.381810188293457
1,608,2.2840685844421387
1,609,2.42360782623291
1,610,2.367520809173584
1,611,2.3650925159454346
1,612,2.4197142124176025
1,613,2.399091958999634
1,614,2.33707594871521
1,615,2.42364501953125
1,616,2.3597636222839355
1,617,2.4081788063049316
1,618,2.382955551147461
1,619,2.402103900909424
1,620,2.4252262115478516
1,621,2.34090518951416
1,622,2.3549866676330566
1,623,2.309013843536377
1,624,2.408961296081543
1,625,2.3986449241638184
1,626,2.353163719177246
1,627,2.3623571395874023
1,628,2.3291311264038086
1,629,2.345710277557373
1,630,2.3455281257629395
1,631,2.3852131366729736
1,632,2.3423068523406982
1,633,2.4029295444488525
1,634,2.333411455154419
1,635,2.3876283168792725
1,636,2.3092198371887207
1,637,2.3186373710632324
1,638,2.3391997814178467
1,639,2.399050712585449
1,640,2.377251148223877
1,641,2.305314064025879
1,642,2.328157663345337
1,643,2.271317481994629
1,644,2.4110500812530518
1,645,2.366877555847168
1,646,2.332106113433838
1,647,2.318037509918213
1,648,2.3607516288757324
1,649,2.3056254386901855
1,650,2.3234353065490723
1,651,2.3642349243164062
1,652,2.375007152557373
1,653,2.337724208831787
1,654,2.3148646354675293
1,655,2.366716146469116
1,656,2.410670518875122
1,657,2.343273162841797
1,658,2.322282314300537
1,659,2.397446870803833
1,660,2.3198890686035156
1,661,2.4284868240356445
1,662,2.3995561599731445
1,663,2.384756565093994
1,664,2.402818202972412
1,665,2.285856008529663
1,666,2.2445812225341797
1,667,2.3276169300079346
1,668,2.39711856842041
1,669,2.259807586669922
1,670,2.404125690460205
1,671,2.270552635192871
1,672,2.3984241485595703
1,673,2.364550828933716
1,674,2.3561978340148926
1,675,2.253248691558838
1,676,2.3409228324890137
1,677,2.3935201168060303
1,678,2.2749440670013428
1,679,2.3439247608184814
1,680,2.3773908615112305
1,681,2.3612585067749023
1,682,2.305887222290039
1,683,2.381279468536377
1,684,2.3354363441467285
1,685,2.3325769901275635
1,686,2.3493447303771973
1,687,2.329291820526123
1,688,2.4073235988616943
1,689,2.324634075164795
1,690,2.3708081245422363
1,691,2.4164490699768066
1,692,2.357208013534546
1,693,2.3057456016540527
1,694,2.4301819801330566
1,695,2.385118007659912
1,696,2.3996005058288574
1,697,2.304682731628418
1,698,2.2877328395843506
1,699,2.3018932342529297
1,700,2.2506134510040283
1,701,2.3595588207244873
1,702,2.3717355728149414
1,703,2.2983107566833496
1,704,2.3103156089782715
1,705,2.355691432952881
1,706,2.3363142013549805
1,707,2.4214563369750977
1,708,2.3295891284942627
1,709,2.3127493858337402
1,710,2.2955918312072754
1,711,2.3291728496551514
1,712,2.4212095737457275
1,713,2.346546173095703
1,714,2.4043869972229004
1,715,2.334413766860962
1,716,2.3098220825195312
1,717,2.313997745513916
1,718,2.3059229850769043
1,719,2.351029396057129
1,720,2.3011343479156494
1,721,2.2442846298217773
1,722,2.3068056106567383
1,723,2.3125827312469482
1,724,2.4257702827453613
1,725,2.3303284645080566
1,726,2.373770236968994
1,727,2.378361940383911
1,728,2.4034054279327393
1,729,2.348330497741699
1,730,2.294870138168335
1,731,2.296666383743286
1,732,2.3630824089050293
1,733,2.305400848388672
1,734,2.2866621017456055
1,735,2.3392910957336426
1,736,2.3849990367889404
1,737,2.3601412773132324
1,738,2.3877201080322266
1,739,2.366178512573242
1,740,2.3087005615234375
1,741,2.3548080921173096
1,742,2.297581195831299
1,743,2.3467023372650146
1,744,2.374739170074463
1,745,2.348038673400879
1,746,2.3246450424194336
1,747,2.2831029891967773
1,748,2.2898306846618652
1,749,2.3260865211486816
1,750,2.372910976409912
1,751,2.330479621887207
1,752,2.302253007888794
1,753,2.392698049545288
1,754,2.313023090362549
1,755,2.2989938259124756
1,756,2.301384449005127
1,757,2.401628017425537
1,758,2.2942657470703125
1,759,2.333127498626709
1,760,2.4157023429870605
1,761,2.3692829608917236
1,762,2.2832484245300293
1,763,2.2967591285705566
1,764,2.3631398677825928
1,765,2.352109432220459
1,766,2.377840518951416
1,767,2.3124632835388184
1,768,2.2874879837036133
1,769,2.3133788108825684
1,770,2.3690285682678223
1,771,2.3706326484680176
1,772,2.286651134490967
1,773,2.3086376190185547
1,774,2.38503360748291
1,775,2.336130142211914
1,776,2.3671131134033203
1,777,2.338212013244629
1,778,2.3291449546813965
1,779,2.330336570739746
1,780,2.4011430740356445
1,781,2.330389976501465
1,782,2.3813838958740234
1,783,2.3588502407073975
1,784,2.338277816772461
1,785,2.4037747383117676
1,786,2.289309501647949
1,787,2.2738189697265625
1,788,2.2793784141540527
1,789,2.272855043411255
1,790,2.3340024948120117
1,791,2.336503744125366
1,792,2.312572956085205
1,793,2.3742191791534424
1,794,2.3244407176971436
1,795,2.304847478866577
1,796,2.3578240871429443
1,797,2.2931103706359863
1,798,2.375483512878418
1,799,2.250232219696045
1,800,2.267094850540161
1,801,2.2851290702819824
1,802,2.3730976581573486
1,803,2.353046417236328
1,804,2.3728137016296387
1,805,2.359684467315674
1,806,2.2920310497283936
1,807,2.338082790374756
1,808,2.2563772201538086
1,809,2.3815765380859375
1,810,2.3008108139038086
1,811,2.311934471130371
1,812,2.327747344970703
1,813,2.235215663909912
1,814,2.3661584854125977
1,815,2.3332839012145996
1,816,2.394665479660034
1,817,2.340703010559082
1,818,2.3722784519195557
1,819,2.275373935699463
1,820,2.3374032974243164
1,821,2.305675983428955
1,822,2.2937469482421875
1,823,2.3459670543670654
1,824,2.3172144889831543
1,825,2.365380048751831
1,826,2.280019998550415
1,827,2.340799570083618
1,828,2.2329931259155273
1,829,2.333566427230835
1,830,2.37026309967041
1,831,2.306871175765991
1,832,2.283824920654297
1,833,2.3350276947021484
1,834,2.3792054653167725
1,835,2.297513961791992
1,836,2.3511266708374023
1,837,2.2716751098632812
1,838,2.297039031982422
1,839,2.288820743560791
1,840,2.3244714736938477
1,841,2.329010009765625
1,842,2.3632254600524902
1,843,2.401381492614746
1,844,2.3275132179260254
1,845,2.3282275199890137
1,846,2.3400402069091797
1,847,2.3725852966308594
1,848,2.2973508834838867
1,849,2.351655960083008
1,850,2.36008358001709
1,851,2.286292314529419
1,852,2.341651439666748
1,853,2.2802977561950684
1,854,2.315284490585327
1,855,2.237586736679077
1,856,2.3925528526306152
1,857,2.282564878463745
1,858,2.3090548515319824
1,859,2.3093674182891846
1,860,2.3003759384155273
1,861,2.3351519107818604
2,0,2.2535476684570312
2,1,2.375122547149658
2,2,2.2935566902160645
2,3,2.3172807693481445
2,4,2.257899284362793
2,5,2.2997522354125977
2,6,2.317262887954712
2,7,2.4011025428771973
2,8,2.272080898284912
2,9,2.2923178672790527
2,10,2.3514864444732666
2,11,2.2878427505493164
2,12,2.3316450119018555
2,13,2.368553638458252
2,14,2.3356804847717285
2,15,2.3364932537078857
2,16,2.3027992248535156
2,17,2.39947509765625
2,18,2.3952388763427734
2,19,2.4044153690338135
2,20,2.319810390472412
2,21,2.2770848274230957
2,22,2.3950886726379395
2,23,2.315918445587158
2,24,2.3201963901519775
2,25,2.3736963272094727
2,26,2.3187475204467773
2,27,2.387514591217041
2,28,2.3236241340637207
2,29,2.3658061027526855
2,30,2.2642784118652344
2,31,2.2847721576690674
2,32,2.356393814086914
2,33,2.2763209342956543
2,34,2.2615184783935547
2,35,2.361754894256592
2,36,2.3104724884033203
2,37,2.2680015563964844
2,38,2.327099561691284
2,39,2.3255503177642822
2,40,2.314436912536621
2,41,2.2928786277770996
2,42,2.2825143337249756
2,43,2.279313564300537
2,44,2.3065152168273926
2,45,2.2989397048950195
2,46,2.331711769104004
2,47,2.2966723442077637
2,48,2.2425997257232666
2,49,2.23262882232666
2,50,2.3127331733703613
2,51,2.310540199279785
2,52,2.3846774101257324
2,53,2.310309648513794
2,54,2.308140754699707
2,55,2.2690539360046387
2,56,2.2949962615966797
2,57,2.3450264930725098
2,58,2.3285207748413086
2,59,2.3856735229492188
2,60,2.3452672958374023
2,61,2.267463207244873
2,62,2.343973159790039
2,63,2.289954423904419
2,64,2.288235664367676
2,65,2.323208808898926
2,66,2.3942761421203613
2,67,2.354067802429199
2,68,2.283463478088379
2,69,2.386047840118408
2,70,2.271341323852539
2,71,2.2838521003723145
2,72,2.3687891960144043
2,73,2.2852110862731934
2,74,2.3211374282836914
2,75,2.3372936248779297
2,76,2.3241868019104004
2,77,2.3678178787231445
2,78,2.3357245922088623
2,79,2.2812042236328125
2,80,2.3684191703796387
2,81,2.2699484825134277
2,82,2.3512330055236816
2,83,2.2875988483428955
2,84,2.2784998416900635
2,85,2.359966278076172
2,86,2.3195323944091797
2,87,2.3229737281799316
2,88,2.3982977867126465
2,89,2.2717061042785645
2,90,2.41361141204834
2,91,2.327913284301758
2,92,2.3832993507385254
2,93,2.2611498832702637
2,94,2.2691311836242676
2,95,2.3429551124572754
2,96,2.3229169845581055
2,97,2.28989577293396
2,98,2.363551616668701
2,99,2.2555952072143555
2,100,2.213550567626953
2,101,2.336115837097168
2,102,2.3416123390197754
2,103,2.373363494873047
2,104,2.311161994934082
2,105,2.3084542751312256
2,106,2.340578079223633
2,107,2.273159980773926
2,108,2.2945058345794678
2,109,2.3097760677337646
2,110,2.292501926422119
2,111,2.351768970489502
2,112,2.3725266456604004
2,113,2.293206214904785
2,114,2.354025363922119
2,115,2.3623063564300537
2,116,2.2749273777008057
2,117,2.2777061462402344
2,118,2.2468605041503906
2,119,2.287496566772461
2,120,2.297177314758301
2,121,2.4020767211914062
2,122,2.289977550506592
2,123,2.341935634613037
2,124,2.254194736480713
2,125,2.3351857662200928
2,126,2.248537540435791
2,127,2.296105146408081
2,128,2.291703462600708
2,129,2.3378543853759766
2,130,2.243269681930542
2,131,2.333683490753174
2,132,2.281855344772339
2,133,2.3275952339172363
2,134,2.271803855895996
2,135,2.319857120513916
2,136,2.3936820030212402
2,137,2.2880120277404785
2,138,2.290008068084717
2,139,2.2371034622192383
2,140,2.328831195831299
2,141,2.316364288330078
2,142,2.389904499053955
2,143,2.269606113433838
2,144,2.3128092288970947
2,145,2.2849783897399902
2,146,2.2800779342651367
2,147,2.2385635375976562
2,148,2.2347402572631836
2,149,2.2998762130737305
2,150,2.334157943725586
2,151,2.325338363647461
2,152,2.2713730335235596
2,153,2.3597371578216553
2,154,2.277438163757324
2,155,2.314023971557617
2,156,2.3389062881469727
2,157,2.3745782375335693
2,158,2.3398914337158203
2,159,2.3236618041992188
2,160,2.3528523445129395
2,161,2.328395366668701
2,162,2.3144965171813965
2,163,2.237605571746826
2,164,2.2271862030029297
2,165,2.308621644973755
2,166,2.344025135040283
2,167,2.280758857727051
2,168,2.2965049743652344
2,169,2.2182905673980713
2,170,2.25602126121521
2,171,2.216948986053467
2,172,2.326509952545166
2,173,2.31765079498291
2,174,2.2425994873046875
2,175,2.248812437057495
2,176,2.414719581604004
2,177,2.2656168937683105
2,178,2.2278380393981934
2,179,2.2987709045410156
2,180,2.2897417545318604
2,181,2.314514398574829
2,182,2.2715559005737305
2,183,2.286243438720703
2,184,2.284064531326294
2,185,2.2603745460510254
2,186,2.2221176624298096
2,187,2.2513039112091064
2,188,2.303055763244629
2,189,2.3795056343078613
2,190,2.293670892715454
2,191,2.3316688537597656
2,192,2.228160858154297
2,193,2.3438079357147217
2,194,2.276059150695801
2,195,2.2557411193847656
2,196,2.3374884128570557
2,197,2.2139675617218018
2,198,2.3341989517211914
2,199,2.4039695262908936
2,200,2.27864933013916
2,201,2.2620115280151367
2,202,2.2722201347351074
2,203,2.276092290878296
2,204,2.291963577270508
2,205,2.328766345977783
2,206,2.21047043800354
2,207,2.298023223876953
2,208,2.344938278198242
2,209,2.3014798164367676
2,210,2.2220940589904785
2,211,2.2647953033447266
2,212,2.269796848297119
2,213,2.247800588607788
2,214,2.2676196098327637
2,215,2.322739601135254
2,216,2.301992416381836
2,217,2.2861902713775635
2,218,2.3257622718811035
2,219,2.250082015991211
2,220,2.3207807540893555
2,221,2.3072423934936523
2,222,2.238102912902832
2,223,2.294417142868042
2,224,2.3386096954345703
2,225,2.2663381099700928
2,226,2.320385456085205
2,227,2.2931642532348633
2,228,2.2997536659240723
2,229,2.3301639556884766
2,230,2.285203218460083
2,231,2.2065677642822266
2,232,2.365647077560425
2,233,2.353302478790283
2,234,2.2704105377197266
2,235,2.2828660011291504
2,236,2.2790322303771973
2,237,2.221484661102295
2,238,2.244725465774536
2,239,2.266829490661621
2,240,2.3023602962493896
2,241,2.262688159942627
2,242,2.354126453399658
2,243,2.276583194732666
2,244,2.3190436363220215
2,245,2.2865519523620605
2,246,2.317962646484375
2,247,2.2394256591796875
2,248,2.349161148071289
2,249,2.303209066390991
2,250,2.3423104286193848
2,251,2.3903908729553223
2,252,2.301933526992798
2,253,2.3087680339813232
2,254,2.2898902893066406
2,255,2.2583467960357666
2,256,2.2801647186279297
2,257,2.2550272941589355
2,258,2.3603827953338623
2,259,2.3569343090057373
2,260,2.3792624473571777
2,261,2.2710671424865723
2,262,2.2411298751831055
2,263,2.325051784515381
2,264,2.28751540184021
2,265,2.3135077953338623
2,266,2.363645315170288
2,267,2.261354923248291
2,268,2.3212928771972656
2,269,2.4292516708374023
2,270,2.2945451736450195
2,271,2.279898166656494
2,272,2.444143772125244
2,273,2.2225542068481445
2,274,2.2921411991119385
2,275,2.267934560775757
2,276,2.2698140144348145
2,277,2.220378875732422
2,278,2.362403392791748
2,279,2.3128881454467773
2,280,2.33318829536438
2,281,2.2495040893554688
2,282,2.2896366119384766
2,283,2.2467074394226074
2,284,2.2605128288269043
2,285,2.261237859725952
2,286,2.231069803237915
2,287,2.2868802547454834
2,288,2.314659595489502
2,289,2.2249438762664795
2,290,2.2250165939331055
2,291,2.2833786010742188
2,292,2.3298325538635254
2,293,2.2800698280334473
2,294,2.276634454727173
2,295,2.2337632179260254
2,296,2.2880301475524902
2,297,2.3077259063720703
2,298,2.274937868118286
2,299,2.3258163928985596
2,300,2.26226806640625
2,301,2.281501293182373
2,302,2.2803304195404053
2,303,2.2971839904785156
2,304,2.2992334365844727
2,305,2.2932493686676025
2,306,2.3220818042755127
2,307,2.261463165283203
2,308,2.3042972087860107
2,309,2.277791976928711
2,310,2.260350227355957
2,311,2.3302626609802246
2,312,2.3283185958862305
2,313,2.2958507537841797
2,314,2.238842487335205
2,315,2.303225040435791
2,316,2.248931407928467
2,317,2.2808754444122314
2,318,2.3182249069213867
2,319,2.2947726249694824
2,320,2.3443570137023926
2,321,2.2450852394104004
2,322,2.287327289581299
2,323,2.3208248615264893
2,324,2.2922239303588867
2,325,2.25197434425354
2,326,2.2511606216430664
2,327,2.2474217414855957
2,328,2.2463297843933105
2,329,2.283458709716797
2,330,2.225435495376587
2,331,2.239557981491089
2,332,2.267038106918335
2,333,2.2394278049468994
2,334,2.309654474258423
2,335,2.321117401123047
2,336,2.278581142425537
2,337,2.2834033966064453
2,338,2.353105306625366
2,339,2.3149077892303467
2,340,2.259718894958496
2,341,2.196448564529419
2,342,2.272792339324951
2,343,2.2520625591278076
2,344,2.267814874649048
2,345,2.319950580596924
2,346,2.2758798599243164
2,347,2.2793149948120117
2,348,2.258984088897705
2,349,2.3211512565612793
2,350,2.254579544067383
2,351,2.2751076221466064
2,352,2.2689309120178223
2,353,2.267792224884033
2,354,2.3838157653808594
2,355,2.3993358612060547
2,356,2.2760813236236572
2,357,2.2515907287597656
2,358,2.341338872909546
2,359,2.306434154510498
2,360,2.296678066253662
2,361,2.263245105743408
2,362,2.2498998641967773
2,363,2.29640531539917
2,364,2.2848358154296875
2,365,2.2193515300750732
2,366,2.2877602577209473
2,367,2.320444107055664
2,368,2.3834476470947266
2,369,2.3652071952819824
2,370,2.3646483421325684
2,371,2.2705109119415283
2,372,2.277320384979248
2,373,2.2726259231567383
2,374,2.2648797035217285
2,375,2.3009321689605713
2,376,2.2299790382385254
2,377,2.227987766265869
2,378,2.300264835357666
2,379,2.2581725120544434
2,380,2.266951084136963
2,381,2.2345969676971436
2,382,2.218870162963867
2,383,2.2868494987487793
2,384,2.2919304370880127
2,385,2.203129768371582
2,386,2.295285224914551
2,387,2.31076717376709
2,388,2.296224355697632
2,389,2.2563114166259766
2,390,2.340049982070923
2,391,2.2876927852630615
2,392,2.2389702796936035
2,393,2.245352029800415
2,394,2.324491262435913
2,395,2.276622772216797
2,396,2.3016397953033447
2,397,2.366136074066162
2,398,2.2770028114318848
2,399,2.315134286880493
2,400,2.232150077819824
2,401,2.2984609603881836
2,402,2.2811813354492188
2,403,2.2641043663024902
2,404,2.222355365753174
2,405,2.184556245803833
2,406,2.332942008972168
2,407,2.281773567199707
2,408,2.376748561859131
2,409,2.272683620452881
2,410,2.240191698074341
2,411,2.3027217388153076
2,412,2.3380892276763916
2,413,2.2781195640563965
2,414,2.2818877696990967
2,415,2.3128418922424316
2,416,2.2294938564300537
2,417,2.2695302963256836
2,418,2.2436530590057373
2,419,2.212883949279785
2,420,2.3846561908721924
2,421,2.29390287399292
2,422,2.31204891204834
2,423,2.252925395965576
2,424,2.3485002517700195
2,425,2.2937707901000977
2,426,2.3191938400268555
2,427,2.275768995285034
2,428,2.215522050857544
2,429,2.2566518783569336
2,430,2.2528069019317627
2,431,2.2931549549102783
2,432,2.250635862350464
2,433,2.292336940765381
2,434,2.3803629875183105
2,435,2.2891883850097656
2,436,2.2689530849456787
2,437,2.337618350982666
2,438,2.2142629623413086
2,439,2.3259708881378174
2,440,2.2798006534576416
2,441,2.2560875415802
2,442,2.269463539123535
2,443,2.278104305267334
2,444,2.290022134780884
2,445,2.2560436725616455
2,446,2.278301477432251
2,447,2.267012119293213
2,448,2.287320613861084
2,449,2.2017147541046143
2,450,2.2646875381469727
2,451,2.272327423095703
2,452,2.2289161682128906
2,453,2.284996747970581
2,454,2.2230234146118164
2,455,2.339263439178467
2,456,2.2572696208953857
2,457,2.245120048522949
2,458,2.3368237018585205
2,459,2.3563895225524902
2,460,2.288461208343506
2,461,2.369058609008789
2,462,2.256488800048828
2,463,2.2740445137023926
2,464,2.3355002403259277
2,465,2.387497901916504
2,466,2.327213764190674
2,467,2.272559881210327
2,468,2.234330654144287
2,469,2.258942127227783
2,470,2.3590550422668457
2,471,2.2599496841430664
2,472,2.307568073272705
2,473,2.352001667022705
2,474,2.2161002159118652
2,475,2.262089729309082
2,476,2.2096381187438965
2,477,2.1731300354003906
2,478,2.2857563495635986
2,479,2.240548849105835
2,480,2.305048942565918
2,481,2.235893726348877
2,482,2.357785224914551
2,483,2.274423599243164
2,484,2.279714822769165
2,485,2.3095664978027344
2,486,2.248821973800659
2,487,2.2997663021087646
2,488,2.28652286529541
2,489,2.2835049629211426
2,490,2.262850284576416
2,491,2.2603626251220703
2,492,2.250427722930908
2,493,2.2792892456054688
2,494,2.28171443939209
2,495,2.354281187057495
2,496,2.326545238494873
2,497,2.2304372787475586
2,498,2.3008620738983154
2,499,2.2495477199554443
2,500,2.301259994506836
2,501,2.302316188812256
2,502,2.237795114517212
2,503,2.370331048965454
2,504,2.18741512298584
2,505,2.29813289642334
2,506,2.3852431774139404
2,507,2.235352039337158
2,508,2.4100942611694336
2,509,2.282433032989502
2,510,2.2475333213806152
2,511,2.2968063354492188
2,512,2.272195339202881
2,513,2.285346031188965
2,514,2.3272552490234375
2,515,2.2759029865264893
2,516,2.35286283493042
2,517,2.280600070953369
2,518,2.295313835144043
2,519,2.288992166519165
2,520,2.2705483436584473
2,521,2.301511287689209
2,522,2.269926071166992
2,523,2.2292704582214355
2,524,2.311450719833374
2,525,2.2482409477233887
2,526,2.248098850250244
2,527,2.2590456008911133
2,528,2.2465462684631348
2,529,2.236172914505005
2,530,2.2155566215515137
2,531,2.133096933364868
2,532,2.288851261138916
2,533,2.267003059387207
2,534,2.3338897228240967
2,535,2.3001418113708496
2,536,2.298468828201294
2,537,2.252345085144043
2,538,2.3332815170288086
2,539,2.28497314453125
2,540,2.2765190601348877
2,541,2.2992048263549805
2,542,2.2614707946777344
2,543,2.2593865394592285
2,544,2.327638626098633
2,545,2.2690558433532715
2,546,2.246720790863037
2,547,2.230304718017578
2,548,2.289456844329834
2,549,2.23817777633667
2,550,2.258517026901245
2,551,2.3533592224121094
2,552,2.36337947845459
2,553,2.248502254486084
2,554,2.2895545959472656
2,555,2.21683406829834
2,556,2.292508602142334
2,557,2.361847400665283
2,558,2.2841334342956543
2,559,2.2598209381103516
2,560,2.2127397060394287
2,561,2.312936782836914
2,562,2.2922425270080566
2,563,2.3081445693969727
2,564,2.3469018936157227
2,565,2.265641689300537
2,566,2.3524107933044434
2,567,2.2063024044036865
2,568,2.2482547760009766
2,569,2.2970685958862305
2,570,2.352792263031006
2,571,2.3285584449768066
2,572,2.257178783416748
2,573,2.267192840576172
2,574,2.244175434112549
2,575,2.285215139389038
2,576,2.2575759887695312
2,577,2.320605516433716
2,578,2.2782559394836426
2,579,2.277484893798828
2,580,2.2954635620117188
2,581,2.2834267616271973
2,582,2.2024707794189453
2,583,2.2649903297424316
2,584,2.240461826324463
2,585,2.3269410133361816
2,586,2.2359073162078857
2,587,2.2833142280578613
2,588,2.2414016723632812
2,589,2.2939374446868896
2,590,2.2041587829589844
2,591,2.2822303771972656
2,592,2.281419277191162
2,593,2.2724969387054443
2,594,2.3124611377716064
2,595,2.2756388187408447
2,596,2.2943432331085205
2,597,2.212839126586914
2,598,2.2810745239257812
2,599,2.284334897994995
2,600,2.309307098388672
2,601,2.2563400268554688
2,602,2.2464253902435303
2,603,2.2340407371520996
2,604,2.2675514221191406
2,605,2.286923885345459
2,606,2.3265480995178223
2,607,2.1795711517333984
2,608,2.178013324737549
2,609,2.198457956314087
2,610,2.305128574371338
2,611,2.2099153995513916
2,612,2.278252363204956
2,613,2.242600440979004
2,614,2.2865118980407715
2,615,2.2465853691101074
2,616,2.1668365001678467
2,617,2.2457122802734375
2,618,2.250678539276123
2,619,2.2989661693573
2,620,2.327406883239746
2,621,2.2342538833618164
2,622,2.1937479972839355
2,623,2.263638496398926
2,624,2.258538246154785
2,625,2.3377795219421387
2,626,2.2973597049713135
2,627,2.1569089889526367
2,628,2.3329107761383057
2,629,2.150925874710083
2,630,2.2850735187530518
2,631,2.275012493133545
2,632,2.276700019836426
2,633,2.243429183959961
2,634,2.280195474624634
2,635,2.241352081298828
2,636,2.219161033630371
2,637,2.3093717098236084
2,638,2.307508707046509
2,639,2.2179250717163086
2,640,2.225861072540283
2,641,2.27999210357666
2,642,2.2936174869537354
2,643,2.192112684249878
2,644,2.2548108100891113
2,645,2.238797187805176
2,646,2.2030904293060303
2,647,2.2789649963378906
2,648,2.264355421066284
2,649,2.2178587913513184
2,650,2.2107324600219727
2,651,2.236459255218506
2,652,2.3379735946655273
2,653,2.351895809173584
2,654,2.2281336784362793
2,655,2.2569215297698975
2,656,2.2468247413635254
2,657,2.2091894149780273
2,658,2.2557613849639893
2,659,2.210084915161133
2,660,2.3496155738830566
2,661,2.239410877227783
2,662,2.3037235736846924
2,663,2.2744507789611816
2,664,2.320761203765869
2,665,2.249108076095581
2,666,2.2524242401123047
2,667,2.3060007095336914
2,668,2.2681241035461426
2,669,2.3106229305267334
2,670,2.289315700531006
2,671,2.3437767028808594
2,672,2.288599967956543
2,673,2.2897472381591797
2,674,2.286872148513794
2,675,2.3077545166015625
2,676,2.3026795387268066
2,677,2.2507517337799072
2,678,2.2164740562438965
2,679,2.240429401397705
2,680,2.2444775104522705
2,681,2.3452694416046143
2,682,2.282130718231201
2,683,2.3510212898254395
2,684,2.2377521991729736
2,685,2.210050106048584
2,686,2.2723870277404785
2,687,2.2508316040039062
2,688,2.223851203918457
2,689,2.26914119720459
2,690,2.28786563873291
2,691,2.292512893676758
2,692,2.2775540351867676
2,693,2.203230381011963
2,694,2.276345729827881
2,695,2.259521722793579
2,696,2.288924217224121
2,697,2.262698173522949
2,698,2.326043128967285
2,699,2.2223596572875977
2,700,2.2942676544189453
2,701,2.2327535152435303
2,702,2.3229217529296875
2,703,2.2445788383483887
2,704,2.3004815578460693
2,705,2.179331064224243
2,706,2.3310322761535645
2,707,2.362739324569702
2,708,2.1936163902282715
2,709,2.319575786590576
2,710,2.2722926139831543
2,711,2.2853970527648926
2,712,2.231102705001831
2,713,2.266725540161133
2,714,2.273970127105713
2,715,2.2747280597686768
2,716,2.2927193641662598
2,717,2.262637138366699
2,718,2.1700515747070312
2,719,2.289705753326416
2,720,2.230678081512451
2,721,2.2252249717712402
2,722,2.2400989532470703
2,723,2.1792688369750977
2,724,2.331298828125
2,725,2.2618088722229004
2,726,2.183173656463623
2,727,2.300652503967285
2,728,2.293135166168213
2,729,2.217837333679199
2,730,2.232067823410034
2,731,2.177499771118164
2,732,2.229825973510742
2,733,2.3790125846862793
2,734,2.292037010192871
2,735,2.2347657680511475
2,736,2.249289035797119
2,737,2.281991958618164
2,738,2.247875213623047
2,739,2.2088818550109863
2,740,2.2714200019836426
2,741,2.2121989727020264
2,742,2.323676824569702
2,743,2.2357568740844727
2,744,2.234558582305908
2,745,2.283719301223755
2,746,2.32598614692688
2,747,2.315450668334961
2,748,2.203160285949707
2,749,2.2591280937194824
2,750,2.2592263221740723
2,751,2.318241596221924
2,752,2.2048230171203613
2,753,2.3359220027923584
2,754,2.233905792236328
2,755,2.235970973968506
2,756,2.18485951423645
2,757,2.2375335693359375
2,758,2.3062703609466553
2,759,2.2105507850646973
2,760,2.2441022396087646
2,761,2.249094009399414
2,762,2.1878087520599365
2,763,2.2762601375579834
2,764,2.301335334777832
2,765,2.236825704574585
2,766,2.2422070503234863
2,767,2.230621814727783
2,768,2.17720890045166
2,769,2.2334327697753906
2,770,2.3054726123809814
2,771,2.245448112487793
2,772,2.201626777648926
2,773,2.235926866531372
2,774,2.289701461791992
2,775,2.2495336532592773
2,776,2.210289716720581
2,777,2.243055820465088
2,778,2.3015222549438477
2,779,2.322770118713379
2,780,2.197277069091797
2,781,2.178889274597168
2,782,2.217927932739258
2,783,2.332082748413086
2,784,2.3008954524993896
2,785,2.1672372817993164
2,786,2.3351657390594482
2,787,2.2279701232910156
2,788,2.2640137672424316
2,789,2.2732458114624023
2,790,2.2520039081573486
2,791,2.2427432537078857
2,792,2.2505621910095215
2,793,2.275702953338623
2,794,2.301382303237915
2,795,2.2713446617126465
2,796,2.1751325130462646
2,797,2.264923572540283
2,798,2.2007133960723877
2,799,2.2720470428466797
2,800,2.185591220855713
2,801,2.3635544776916504
2,802,2.3227341175079346
2,803,2.2295584678649902
2,804,2.294607639312744
2,805,2.235399007797241
2,806,2.2816154956817627
2,807,2.2790040969848633
2,808,2.2653138637542725
2,809,2.3071212768554688
2,810,2.2585856914520264
2,811,2.2576375007629395
2,812,2.222911834716797
2,813,2.237637758255005
2,814,2.282926082611084
2,815,2.2830095291137695
2,816,2.2469305992126465
2,817,2.249742031097412
2,818,2.2595324516296387
2,819,2.2227554321289062
2,820,2.2216882705688477
2,821,2.2302403450012207
2,822,2.258535861968994
2,823,2.221129894256592
2,824,2.1741318702697754
2,825,2.1819987297058105
2,826,2.1486101150512695
2,827,2.2181429862976074
2,828,2.278122663497925
2,829,2.2622129917144775
2,830,2.289135456085205
2,831,2.1669459342956543
2,832,2.2616491317749023
2,833,2.2643795013427734
2,834,2.2294974327087402
2,835,2.268176555633545
2,836,2.2555532455444336
2,837,2.194272518157959
2,838,2.1890692710876465
2,839,2.17629337310791
2,840,2.206770181655884
2,841,2.2233433723449707
2,842,2.304316520690918
2,843,2.21427059173584
2,844,2.263045310974121
2,845,2.2341220378875732
2,846,2.1923460960388184
2,847,2.209047794342041
2,848,2.180018901824951
2,849,2.1884236335754395
2,850,2.3019185066223145
2,851,2.2964067459106445
2,852,2.224609375
2,853,2.2340924739837646
2,854,2.1498894691467285
2,855,2.2298929691314697
2,856,2.2184853553771973
2,857,2.178797483444214
2,858,2.2689740657806396
2,859,2.2619333267211914
2,860,2.25957989692688
2,861,2.2780919075012207
3,0,2.264183521270752
3,1,2.2102532386779785
3,2,2.2368667125701904
3,3,2.2602477073669434
3,4,2.2746505737304688
3,5,2.2080705165863037
3,6,2.1669230461120605
3,7,2.2252888679504395
3,8,2.2007365226745605
3,9,2.2496702671051025
3,10,2.3182029724121094
3,11,2.2888987064361572
3,12,2.277078151702881
3,13,2.1799159049987793
3,14,2.1187613010406494
3,15,2.1446571350097656
3,16,2.3301308155059814
3,17,2.2518763542175293
3,18,2.243726968765259
3,19,2.2446136474609375
3,20,2.287424087524414
3,21,2.280064821243286
3,22,2.1640381813049316
3,23,2.2353310585021973
3,24,2.1756656169891357
3,25,2.295419692993164
3,26,2.2671971321105957
3,27,2.1957340240478516
3,28,2.236752510070801
3,29,2.210124969482422
3,30,2.128434419631958
3,31,2.2028822898864746
3,32,2.3087410926818848
3,33,2.2530994415283203
3,34,2.296687126159668
3,35,2.3057069778442383
3,36,2.2707908153533936
3,37,2.259243965148926
3,38,2.2091503143310547
3,39,2.2327442169189453
3,40,2.2580277919769287
3,41,2.2652926445007324
3,42,2.2567834854125977
3,43,2.302666187286377
3,44,2.2326807975769043
3,45,2.3383712768554688
3,46,2.237736225128174
3,47,2.2727808952331543
3,48,2.263833522796631
3,49,2.203622817993164
3,50,2.213435649871826
3,51,2.232700824737549
3,52,2.2907302379608154
3,53,2.2225875854492188
3,54,2.1927738189697266
3,55,2.252089738845825
3,56,2.225879669189453
3,57,2.2248353958129883
3,58,2.2084290981292725
3,59,2.2406742572784424
3,60,2.260603427886963
3,61,2.2145657539367676
3,62,2.206364631652832
3,63,2.237100601196289
3,64,2.305917263031006
3,65,2.1291556358337402
3,66,2.2615318298339844
3,67,2.20540452003479
3,68,2.219285011291504
3,69,2.2747926712036133
3,70,2.228158473968506
3,71,2.235535144805908
3,72,2.245873212814331
3,73,2.2754666805267334
3,74,2.2489733695983887
3,75,2.252415657043457
3,76,2.2618324756622314
3,77,2.2790844440460205
3,78,2.2793502807617188
3,79,2.325157642364502
3,80,2.3333497047424316
3,81,2.2069811820983887
3,82,2.261537551879883
3,83,2.2413010597229004
3,84,2.2156925201416016
3,85,2.2087225914001465
3,86,2.2305777072906494
3,87,2.29060697555542
3,88,2.2040820121765137
3,89,2.2379543781280518
3,90,2.1866915225982666
3,91,2.2147088050842285
3,92,2.24733304977417
3,93,2.2556357383728027
3,94,2.222996473312378
3,95,2.207613945007324
3,96,2.144885540008545
3,97,2.2897939682006836
3,98,2.2639129161834717
3,99,2.2639870643615723
3,100,2.18715763092041
3,101,2.2384681701660156
3,102,2.266451835632324
3,103,2.2035088539123535
3,104,2.1969656944274902
3,105,2.3161826133728027
3,106,2.2533979415893555
3,107,2.1731605529785156
3,108,2.197920322418213
3,109,2.189520835876465
3,110,2.314969539642334
3,111,2.198734760284424
3,112,2.234884262084961
3,113,2.183844804763794
3,114,2.1416354179382324
3,115,2.3275668621063232
3,116,2.2074990272521973
3,117,2.3061203956604004
3,118,2.272014856338501
3,119,2.219731092453003
3,120,2.2636845111846924
3,121,2.2925736904144287
3,122,2.234818696975708
3,123,2.19572114944458
3,124,2.2662577629089355
3,125,2.2049355506896973
3,126,2.245450735092163
3,127,2.3051905632019043
3,128,2.2493717670440674
3,129,2.208292007446289
3,130,2.213113307952881
3,131,2.2138452529907227
3,132,2.2081313133239746
3,133,2.1717748641967773
3,134,2.3004374504089355
3,135,2.2004005908966064
3,136,2.1895103454589844
3,137,2.256328582763672
3,138,2.236323356628418
3,139,2.2537240982055664
3,140,2.2184550762176514
3,141,2.2628085613250732
3,142,2.2196450233459473
3,143,2.2473483085632324
3,144,2.2688260078430176
3,145,2.2264513969421387
3,146,2.161794424057007
3,147,2.1806068420410156
3,148,2.2588298320770264
3,149,2.215930223464966
3,150,2.269435405731201
3,151,2.194916009902954
3,152,2.2466986179351807
3,153,2.2219600677490234
3,154,2.2329139709472656
3,155,2.2557945251464844
3,156,2.3328776359558105
3,157,2.2160301208496094
3,158,2.145782470703125
3,159,2.2353954315185547
3,160,2.2235982418060303
3,161,2.3264713287353516
3,162,2.1703708171844482
3,163,2.2275285720825195
3,164,2.214205265045166
3,165,2.2508692741394043
3,166,2.266563653945923
3,167,2.27929949760437
3,168,2.2447361946105957
3,169,2.244607925415039
3,170,2.1857829093933105
3,171,2.1645565032958984
3,172,2.2584238052368164
3,173,2.2312023639678955
3,174,2.2303452491760254
3,175,2.2876245975494385
3,176,2.2781100273132324
3,177,2.2506208419799805
3,178,2.364485740661621
3,179,2.2198781967163086
3,180,2.2658534049987793
3,181,2.269759178161621
3,182,2.284264087677002
3,183,2.248232841491699
3,184,2.2732138633728027
3,185,2.2808916568756104
3,186,2.2796714305877686
3,187,2.259308338165283
3,188,2.2504711151123047
3,189,2.198180675506592
3,190,2.2219676971435547
3,191,2.2072854042053223
3,192,2.207136392593384
3,193,2.259284734725952
3,194,2.342839241027832
3,195,2.253286838531494
3,196,2.2659084796905518
3,197,2.283691167831421
3,198,2.197814702987671
3,199,2.2450876235961914
3,200,2.2339162826538086
3,201,2.23472261428833
3,202,2.212372064590454
3,203,2.24476957321167
3,204,2.176596164703369
3,205,2.1972475051879883
3,206,2.2310216426849365
3,207,2.2556710243225098
3,208,2.274655342102051
3,209,2.2096898555755615
3,210,2.265836715698242
3,211,2.274143695831299
3,212,2.2112464904785156
3,213,2.1854498386383057
3,214,2.207780361175537
3,215,2.209941864013672
3,216,2.197824001312256
3,217,2.224763870239258
3,218,2.2026472091674805
3,219,2.330066442489624
3,220,2.2428998947143555
3,221,2.1918892860412598
3,222,2.1725571155548096
3,223,2.1954474449157715
3,224,2.319690704345703
3,225,2.2788197994232178
3,226,2.2552666664123535
3,227,2.1947245597839355
3,228,2.177885055541992
3,229,2.1825356483459473
3,230,2.181445598602295
3,231,2.3159852027893066
3,232,2.281186819076538
3,233,2.2120718955993652
3,234,2.1853930950164795
3,235,2.1887991428375244
3,236,2.159233570098877
3,237,2.195767641067505
3,238,2.1920666694641113
3,239,2.2074928283691406
3,240,2.2522897720336914
3,241,2.1378259658813477
3,242,2.256589412689209
3,243,2.1420161724090576
3,244,2.1723122596740723
3,245,2.2207717895507812
3,246,2.178473472595215
3,247,2.2224926948547363
3,248,2.2657666206359863
3,249,2.231715440750122
3,250,2.2072973251342773
3,251,2.2769503593444824
3,252,2.2710750102996826
3,253,2.1743249893188477
3,254,2.311786651611328
3,255,2.240358829498291
3,256,2.2892208099365234
3,257,2.207137107849121
3,258,2.226012706756592
3,259,2.2288706302642822
3,260,2.192704677581787
3,261,2.1694893836975098
3,262,2.172105312347412
3,263,2.233232259750366
3,264,2.270883083343506
3,265,2.2589404582977295
3,266,2.2318644523620605
3,267,2.2335314750671387
3,268,2.3016409873962402
3,269,2.1624197959899902
3,270,2.2284317016601562
3,271,2.2800827026367188
3,272,2.2108051776885986
3,273,2.177684783935547
3,274,2.2949094772338867
3,275,2.218642234802246
3,276,2.3020424842834473
3,277,2.241133689880371
3,278,2.210097312927246
3,279,2.199385643005371
3,280,2.2197437286376953
3,281,2.236278772354126
3,282,2.2309370040893555
3,283,2.22420597076416
3,284,2.1915955543518066
3,285,2.1543169021606445
3,286,2.224033832550049
3,287,2.247973918914795
3,288,2.2537384033203125
3,289,2.1844863891601562
3,290,2.2252674102783203
3,291,2.2138729095458984
3,292,2.170755386352539
3,293,2.2036733627319336
3,294,2.2344131469726562
3,295,2.2697336673736572
3,296,2.2602453231811523
3,297,2.259709358215332
3,298,2.200240135192871
3,299,2.257354497909546
3,300,2.3079710006713867
3,301,2.2836709022521973
3,302,2.1791162490844727
3,303,2.204616069793701
3,304,2.2345681190490723
3,305,2.2668676376342773
3,306,2.2098679542541504
3,307,2.3147053718566895
3,308,2.21635103225708
3,309,2.2204227447509766
3,310,2.260591745376587
3,311,2.2355329990386963
3,312,2.222109317779541
3,313,2.2265000343322754
3,314,2.179032325744629
3,315,2.2864341735839844
3,316,2.2110354900360107
3,317,2.217475652694702
3,318,2.2299959659576416
3,319,2.2405004501342773
3,320,2.238591432571411
3,321,2.2048583030700684
3,322,2.1257221698760986
3,323,2.2133100032806396
3,324,2.1852331161499023
3,325,2.23128604888916
3,326,2.2202367782592773
3,327,2.2491612434387207
3,328,2.1949856281280518
3,329,2.2059803009033203
3,330,2.1864442825317383
3,331,2.2524116039276123
3,332,2.2558956146240234
3,333,2.2640035152435303
3,334,2.168856382369995
3,335,2.209347724914551
3,336,2.317656993865967
3,337,2.206390380859375
3,338,2.18359112739563
3,339,2.275881290435791
3,340,2.1998233795166016
3,341,2.2053651809692383
3,342,2.2231388092041016
3,343,2.22641658782959
3,344,2.203091621398926
3,345,2.242891788482666
3,346,2.2050652503967285
3,347,2.224402904510498
3,348,2.2217111587524414
3,349,2.173703670501709
3,350,2.2093703746795654
3,351,2.2529826164245605
3,352,2.272630214691162
3,353,2.1849451065063477
3,354,2.214052677154541
3,355,2.1591155529022217
3,356,2.263671636581421
3,357,2.3123655319213867
3,358,2.220224618911743
3,359,2.210965394973755
3,360,2.242675304412842
3,361,2.264648199081421
3,362,2.196626663208008
3,363,2.3079190254211426
3,364,2.2067394256591797
3,365,2.1615664958953857
3,366,2.3104610443115234
3,367,2.125875949859619
3,368,2.236501455307007
3,369,2.1850314140319824
3,370,2.292914867401123
3,371,2.19844913482666
3,372,2.232654571533203
3,373,2.2282638549804688
3,374,2.259777069091797
3,375,2.2475199699401855
3,376,2.162902593612671
3,377,2.25064754486084
3,378,2.150627851486206
3,379,2.152693510055542
3,380,2.1982600688934326
3,381,2.204129457473755
3,382,2.2145471572875977
3,383,2.1265769004821777
3,384,2.185429573059082
3,385,2.202902317047119
3,386,2.2343742847442627
3,387,2.214939594268799
3,388,2.2445859909057617
3,389,2.276167869567871
3,390,2.2085328102111816
3,391,2.2453808784484863
3,392,2.2556350231170654
3,393,2.203105926513672
3,394,2.2526872158050537
3,395,2.2041373252868652
3,396,2.220853090286255
3,397,2.2722177505493164
3,398,2.224853515625
3,399,2.244157075881958
3,400,2.23445987701416
3,401,2.2651875019073486
3,402,2.1542177200317383
3,403,2.192619562149048
3,404,2.1565101146698
3,405,2.195417642593384
3,406,2.202059745788574
3,407,2.24617338180542
3,408,2.2266180515289307
3,409,2.2191920280456543
3,410,2.183913230895996
3,411,2.3472790718078613
3,412,2.24916672706604
3,413,2.2053112983703613
3,414,2.259214401245117
3,415,2.2892656326293945
3,416,2.1333253383636475
3,417,2.235494613647461
3,418,2.2888574600219727
3,419,2.218717098236084
3,420,2.253992795944214
3,421,2.143841028213501
3,422,2.2094855308532715
3,423,2.1800155639648438
3,424,2.196072816848755
3,425,2.2595341205596924
3,426,2.290266513824463
3,427,2.23396635055542
3,428,2.2447314262390137
3,429,2.266533613204956
3,430,2.172311305999756
3,431,2.1533658504486084
3,432,2.1773715019226074
3,433,2.214416027069092
3,434,2.236450433731079
3,435,2.2118711471557617
3,436,2.2249035835266113
3,437,2.225904941558838
3,438,2.2071332931518555
3,439,2.2055423259735107
3,440,2.236936092376709
3,441,2.248126983642578
3,442,2.2249345779418945
3,443,2.1754817962646484
3,444,2.1624960899353027
3,445,2.258157253265381
3,446,2.1960020065307617
3,447,2.1726889610290527
3,448,2.2333972454071045
3,449,2.162961006164551
3,450,2.228057861328125
3,451,2.168579578399658
3,452,2.202181339263916
3,453,2.264357566833496
3,454,2.150970220565796
3,455,2.15389347076416
3,456,2.2436206340789795
3,457,2.2865381240844727
3,458,2.195199728012085
3,459,2.165161609649658
3,460,2.2056803703308105
3,461,2.2506165504455566
3,462,2.218458890914917
3,463,2.2321696281433105
3,464,2.2356348037719727
3,465,2.170361042022705
3,466,2.1763088703155518
3,467,2.2171547412872314
3,468,2.3123369216918945
3,469,2.1656603813171387
3,470,2.1844730377197266
3,471,2.218757152557373
3,472,2.1807451248168945
3,473,2.172452926635742
3,474,2.193462610244751
3,475,2.231876850128174
3,476,2.201641082763672
3,477,2.1912841796875
3,478,2.2619166374206543
3,479,2.193427085876465
3,480,2.2615532875061035
3,481,2.2886276245117188
3,482,2.2383041381835938
3,483,2.269894599914551
3,484,2.2351884841918945
3,485,2.2432026863098145
3,486,2.229229688644409
3,487,2.2541913986206055
3,488,2.215344190597534
3,489,2.3092665672302246
3,490,2.2193350791931152
3,491,2.1876144409179688
3,492,2.1429460048675537
3,493,2.226485252380371
3,494,2.2638583183288574
3,495,2.212405204772949
3,496,2.2283544540405273
3,497,2.195296287536621
3,498,2.2591500282287598
3,499,2.2136497497558594
3,500,2.1829655170440674
3,501,2.296880006790161
3,502,2.183866262435913
3,503,2.2140111923217773
3,504,2.2114474773406982
3,505,2.2093610763549805
3,506,2.2421345710754395
3,507,2.228701591491699
3,508,2.241525888442993
3,509,2.2466537952423096
3,510,2.256403684616089
3,511,2.236589193344116
3,512,2.1486318111419678
3,513,2.0995442867279053
3,514,2.1853132247924805
3,515,2.2582104206085205
3,516,2.292104959487915
3,517,2.175328254699707
3,518,2.223996162414551
3,519,2.1716606616973877
3,520,2.2785398960113525
3,521,2.20182728767395
3,522,2.219130754470825
3,523,2.158202886581421
3,524,2.26045298576355
3,525,2.2628769874572754
3,526,2.1461713314056396
3,527,2.279561996459961
3,528,2.204860210418701
3,529,2.224698543548584
3,530,2.187631607055664
3,531,2.228760004043579
3,532,2.299989700317383
3,533,2.2789173126220703
3,534,2.2477004528045654
3,535,2.187556743621826
3,536,2.1868579387664795
3,537,2.210825204849243
3,538,2.153067111968994
3,539,2.2003567218780518
3,540,2.206981658935547
3,541,2.2140190601348877
3,542,2.0905261039733887
3,543,2.193453311920166
3,544,2.2516045570373535
3,545,2.200517177581787
3,546,2.1969308853149414
3,547,2.1787142753601074
3,548,2.3117101192474365
3,549,2.2532150745391846
3,550,2.279500961303711
3,551,2.177175998687744
3,552,2.2136471271514893
3,553,2.1173410415649414
3,554,2.232868194580078
3,555,2.27585506439209
3,556,2.204026699066162
3,557,2.218417167663574
3,558,2.162522792816162
3,559,2.299217939376831
3,560,2.192732810974121
3,561,2.2489757537841797
3,562,2.1592812538146973
3,563,2.1551191806793213
3,564,2.279897451400757
3,565,2.2193193435668945
3,566,2.2238011360168457
3,567,2.3074512481689453
3,568,2.199347496032715
3,569,2.2163171768188477
3,570,2.198430299758911
3,571,2.2852964401245117
3,572,2.2205326557159424
3,573,2.1766276359558105
3,574,2.266939401626587
3,575,2.255540609359741
3,576,2.230562686920166
3,577,2.279214859008789
3,578,2.268315315246582
3,579,2.239284038543701
3,580,2.2691614627838135
3,581,2.20011830329895
3,582,2.1523618698120117
3,583,2.222994565963745
3,584,2.251894235610962
3,585,2.1817522048950195
3,586,2.1677026748657227
3,587,2.1573452949523926
3,588,2.196568489074707
3,589,2.1709320545196533
3,590,2.191648483276367
3,591,2.191934585571289
3,592,2.2322020530700684
3,593,2.141618251800537
3,594,2.222242593765259
3,595,2.2121143341064453
3,596,2.133089065551758
3,597,2.264955997467041
3,598,2.2066149711608887
3,599,2.2785801887512207
3,600,2.269134044647217
3,601,2.1873278617858887
3,602,2.13657808303833
3,603,2.175199031829834
3,604,2.2352423667907715
3,605,2.1716392040252686
3,606,2.1787478923797607
3,607,2.2361507415771484
3,608,2.227558135986328
3,609,2.242328643798828
3,610,2.26948881149292
3,611,2.104105234146118
3,612,2.1579599380493164
3,613,2.119171142578125
3,614,2.1916418075561523
3,615,2.209872245788574
3,616,2.313746452331543
3,617,2.1880950927734375
3,618,2.155264377593994
3,619,2.214491605758667
3,620,2.2404744625091553
3,621,2.2523999214172363
3,622,2.190993547439575
3,623,2.1918318271636963
3,624,2.168198585510254
3,625,2.2635161876678467
3,626,2.1660759449005127
3,627,2.257371425628662
3,628,2.247912645339966
3,629,2.1436946392059326
3,630,2.2957603931427
3,631,2.2747116088867188
3,632,2.2027969360351562
3,633,2.2537100315093994
3,634,2.1900038719177246
3,635,2.322822093963623
3,636,2.1914899349212646
3,637,2.2228822708129883
3,638,2.287818431854248
3,639,2.166698932647705
3,640,2.181807279586792
3,641,2.186676502227783
3,642,2.153944253921509
3,643,2.2315235137939453
3,644,2.1930456161499023
3,645,2.185356855392456
3,646,2.1945314407348633
3,647,2.251147747039795
3,648,2.1604666709899902
3,649,2.253629207611084
3,650,2.1793596744537354
3,651,2.211754322052002
3,652,2.2919039726257324
3,653,2.233494758605957
3,654,2.2522053718566895
3,655,2.196402072906494
3,656,2.2637972831726074
3,657,2.1332590579986572
3,658,2.2729663848876953
3,659,2.115384340286255
3,660,2.194476366043091
3,661,2.2089858055114746
3,662,2.2351746559143066
3,663,2.1913204193115234
3,664,2.2557084560394287
3,665,2.191361904144287
3,666,2.3121814727783203
3,667,2.2631726264953613
3,668,2.193772792816162
3,669,2.1466825008392334
3,670,2.1997971534729004
3,671,2.225109577178955
3,672,2.2271013259887695
3,673,2.1990108489990234
3,674,2.235962152481079
3,675,2.195185422897339
3,676,2.2034826278686523
3,677,2.2390012741088867
3,678,2.2125866413116455
3,679,2.1164355278015137
3,680,2.1607532501220703
3,681,2.1968274116516113
3,682,2.216160297393799
3,683,2.236710548400879
3,684,2.2038910388946533
3,685,2.214019298553467
3,686,2.0463175773620605
3,687,2.2551016807556152
3,688,2.234624147415161
3,689,2.1921308040618896
3,690,2.231579303741455
3,691,2.223318576812744
3,692,2.223911762237549
3,693,2.1975526809692383
3,694,2.141387701034546
3,695,2.2290782928466797
3,696,2.2037670612335205
3,697,2.23911190032959
3,698,2.1798171997070312
3,699,2.2185089588165283
3,700,2.1093368530273438
3,701,2.148986339569092
3,702,2.2654545307159424
3,703,2.2203683853149414
3,704,2.3085718154907227
3,705,2.197338342666626
3,706,2.175464153289795
3,707,2.149780035018921
3,708,2.223717212677002
3,709,2.2654385566711426
3,710,2.1778066158294678
3,711,2.2395410537719727
3,712,2.2440948486328125
3,713,2.0931668281555176
3,714,2.2387852668762207
3,715,2.2926290035247803
3,716,2.226755142211914
3,717,2.1775379180908203
3,718,2.388406276702881
3,719,2.1800360679626465
3,720,2.2041409015655518
3,721,2.2771413326263428
3,722,2.2133076190948486
3,723,2.153573989868164
3,724,2.1773252487182617
3,725,2.1123058795928955
3,726,2.1313529014587402
3,727,2.193516254425049
3,728,2.2238564491271973
3,729,2.210367202758789
3,730,2.2118096351623535
3,731,2.137181520462036
3,732,2.239421844482422
3,733,2.1941921710968018
3,734,2.2555840015411377
3,735,2.258516311645508
3,736,2.172147750854492
3,737,2.2408106327056885
3,738,2.1892340183258057
3,739,2.2180404663085938
3,740,2.155953884124756
3,741,2.2701597213745117
3,742,2.1505672931671143
3,743,2.225492238998413
3,744,2.2091779708862305
3,745,2.152218818664551
3,746,2.216723918914795
3,747,2.1845779418945312
3,748,2.2401533126831055
3,749,2.222228527069092
3,750,2.1745405197143555
3,751,2.188615560531616
3,752,2.167842149734497
3,753,2.1284143924713135
3,754,2.2039260864257812
3,755,2.1531529426574707
3,756,2.163994789123535
3,757,2.1129932403564453
3,758,2.1874237060546875
3,759,2.221439838409424
3,760,2.170912265777588
3,761,2.2545599937438965
3,762,2.197983980178833
3,763,2.204409122467041
3,764,2.120042085647583
3,765,2.1886086463928223
3,766,2.1454856395721436
3,767,2.2264304161071777
3,768,2.2094762325286865
3,769,2.1806459426879883
3,770,2.2263598442077637
3,771,2.189486026763916
3,772,2.192654848098755
3,773,2.179372549057007
3,774,2.1067628860473633
3,775,2.2253756523132324
3,776,2.1527061462402344
3,777,2.245918035507202
3,778,2.2152552604675293
3,779,2.2439448833465576
3,780,2.2363572120666504
3,781,2.286299228668213
3,782,2.223135471343994
3,783,2.1801090240478516
3,784,2.187387228012085
3,785,2.2486953735351562
3,786,2.1868789196014404
3,787,2.2247445583343506
3,788,2.1641974449157715
3,789,2.182269811630249
3,790,2.1725099086761475
3,791,2.1977620124816895
3,792,2.2189133167266846
3,793,2.2643089294433594
3,794,2.221738338470459
3,795,2.25291109085083
3,796,2.147670269012451
3,797,2.203927993774414
3,798,2.299610137939453
3,799,2.245905876159668
3,800,2.1198019981384277
3,801,2.1996278762817383
3,802,2.2233262062072754
3,803,2.2423083782196045
3,804,2.173581123352051
3,805,2.3077423572540283
3,806,2.292187452316284
3,807,2.206564426422119
3,808,2.1795763969421387
3,809,2.171548843383789
3,810,2.1976211071014404
3,811,2.2120003700256348
3,812,2.1885390281677246
3,813,2.1719672679901123
3,814,2.184061288833618
3,815,2.3183913230895996
3,816,2.2302591800689697
3,817,2.1680521965026855
3,818,2.2361197471618652
3,819,2.222809314727783
3,820,2.227548599243164
3,821,2.178610324859619
3,822,2.2024405002593994
3,823,2.298245906829834
3,824,2.2020816802978516
3,825,2.191345691680908
3,826,2.236711025238037
3,827,2.1724953651428223
3,828,2.2279093265533447
3,829,2.144171714782715
3,830,2.1857540607452393
3,831,2.2233076095581055
3,832,2.2543044090270996
3,833,2.2576680183410645
3,834,2.2424299716949463
3,835,2.1992082595825195
3,836,2.204061985015869
3,837,2.1098790168762207
3,838,2.198258876800537
3,839,2.2032809257507324
3,840,2.2801318168640137
3,841,2.205857276916504
3,842,2.16198992729187
3,843,2.1801364421844482
3,844,2.193835735321045
3,845,2.2338383197784424
3,846,2.1981544494628906
3,847,2.3018312454223633
3,848,2.0958681106567383
3,849,2.1684670448303223
3,850,2.2231485843658447
3,851,2.249211072921753
3,852,2.1468300819396973
3,853,2.206515312194824
3,854,2.1665170192718506
3,855,2.1856915950775146
3,856,2.1726088523864746
3,857,2.2288780212402344
3,858,2.1534500122070312
3,859,2.243701219558716
3,860,2.27411150932312
3,861,2.2439653873443604
