日期,累计收益,当日投资组合
2021-06-23 00:00:00,0.012724530669598636,"[0.3198686500767794, 0.27558593906228596, 0.40454541086093476]"
2021-06-24 00:00:00,0.012596855887107478,"[0.33115449058360796, 0.2827140675492209, 0.38613144186717124]"
2021-06-25 00:00:00,0.02822808670366769,"[0.3269722155761872, 0.2832270552399212, 0.3898007291838916]"
2021-06-28 00:00:00,0.032788240751316526,"[0.3391283008090989, 0.2673520504762364, 0.39351964871466477]"
2021-06-29 00:00:00,0.021297677660674294,"[0.3403367951067285, 0.2649467401131898, 0.39471646478008166]"
2021-06-30 00:00:00,0.02985502876733301,"[0.3463562837587214, 0.26712179968925576, 0.38652191655202284]"
2021-07-01 00:00:00,0.02453635587672502,"[0.3415572335593444, 0.27044744982449176, 0.38799531661616393]"
2021-07-02 00:00:00,0.00586930359400278,"[0.3423274391734633, 0.2736045899573754, 0.3840679708691614]"
2021-07-05 00:00:00,0.017076364630857793,"[0.33774301676576934, 0.28339253520366786, 0.3788644480305627]"
2021-07-06 00:00:00,0.02085164925129658,"[0.3458529027120238, 0.28070609005785596, 0.37344100723012025]"
2021-07-07 00:00:00,0.03189390038201666,"[0.34775852216401654, 0.2761835084958333, 0.37605796934015023]"
2021-07-08 00:00:00,0.029454924379791074,"[0.3476643783641345, 0.27971878209684786, 0.37261683953901764]"
2021-07-09 00:00:00,0.033223044134454996,"[0.34486594140813925, 0.2808547257341577, 0.374279332857703]"
2021-07-12 00:00:00,0.04710274109444201,"[0.34721529129796636, 0.28429912925562406, 0.36848557944640953]"
2021-07-13 00:00:00,0.053579651483278944,"[0.34567393919778056, 0.28710421888236537, 0.3672218419198541]"
2021-07-14 00:00:00,0.03932634145871603,"[0.3472154707711182, 0.28384123830964375, 0.3689432909192381]"
2021-07-15 00:00:00,0.05046427491744952,"[0.3522453089074956, 0.2887812385313419, 0.3589734525611626]"
2021-07-16 00:00:00,0.04658351966715271,"[0.3620622762155084, 0.27753959537953643, 0.3603981284049553]"
2021-07-19 00:00:00,0.045451388541381955,"[0.3611714016583691, 0.2778914144789691, 0.3609371838626619]"
2021-07-20 00:00:00,0.04491841078332182,"[0.34776874622179804, 0.306056401836918, 0.346174851941284]"
2021-07-21 00:00:00,0.05803682999972363,"[0.3471797880903407, 0.3070227612318132, 0.345797450677846]"
2021-07-22 00:00:00,0.06472184145785562,"[0.34895508789667784, 0.3030805328902526, 0.3479643792130696]"
2021-07-23 00:00:00,0.056420072860225934,"[0.3480643871142543, 0.3060947866262385, 0.34584082625950724]"
2021-07-26 00:00:00,0.0268719870672383,"[0.3903627318769929, 0.28822407715554005, 0.3214131909674671]"
2021-07-27 00:00:00,-0.0031857393682290513,"[0.39390038356992446, 0.28473749702986434, 0.32136211940021114]"
2021-07-28 00:00:00,-0.011084843967501614,"[0.3808984671031401, 0.30891537968430605, 0.3101861532125538]"
2021-07-29 00:00:00,0.009728921646443674,"[0.3846222449332146, 0.2935879391716265, 0.32178981589515876]"
2021-07-30 00:00:00,0.01367973877855985,"[0.3920890540881578, 0.2956005964916944, 0.31231034942014774]"
2021-08-02 00:00:00,0.03695922164125135,"[0.3926282979940054, 0.2936029618229601, 0.3137687401830346]"
2021-08-03 00:00:00,0.03811039994093246,"[0.3902591022240431, 0.29637841994910114, 0.3133624778268557]"
2021-08-04 00:00:00,0.055418673676647885,"[0.39025897722477726, 0.2966395238910262, 0.3131014988841966]"
2021-08-05 00:00:00,0.046017360928362186,"[0.39081625285074995, 0.2971824434405208, 0.31200130370872925]"
2021-08-06 00:00:00,0.04409456097531815,"[0.3955690433696233, 0.29294266186164153, 0.31148829476873513]"
2021-08-09 00:00:00,0.05131774913547128,"[0.3903182100000178, 0.30083461705106124, 0.308847172948921]"
2021-08-10 00:00:00,0.056733017641757026,"[0.3914230712884334, 0.3004052337300699, 0.3081716949814967]"
2021-08-11 00:00:00,0.05414789577844302,"[0.3874042977380344, 0.30179291138406616, 0.31080279087789947]"
2021-08-12 00:00:00,0.05570760495714242,"[0.39603893182070254, 0.29665085763039745, 0.3073102105489001]"
2021-08-13 00:00:00,0.06283953795687773,"[0.39469829589930555, 0.29517032218921335, 0.31013138191148115]"
2021-08-16 00:00:00,0.06494762797817975,"[0.4124591523739047, 0.2610759113203011, 0.3264649363057942]"
2021-08-17 00:00:00,0.04259621184118004,"[0.4108345563733988, 0.2612274398148596, 0.32793800381174176]"
2021-08-18 00:00:00,0.05469325884168868,"[0.4076365530253107, 0.2615588346203149, 0.33080461235437436]"
2021-08-19 00:00:00,0.04791581259177036,"[0.40767171053032164, 0.2603563230485613, 0.33197196642111715]"
2021-08-20 00:00:00,0.03172642173286136,"[0.41174472678848906, 0.2538284532789823, 0.33442681993252865]"
2021-08-23 00:00:00,0.05320079556579979,"[0.3992708535124979, 0.2574559992498115, 0.3432731472376907]"
2021-08-24 00:00:00,0.05943914808220999,"[0.3990065266134656, 0.2544452786938112, 0.3465481946927233]"
2021-08-25 00:00:00,0.06799170716152349,"[0.39755363599313304, 0.2552741549708463, 0.34717220903602064]"
2021-08-26 00:00:00,0.05723900100948193,"[0.3914108017699973, 0.2515210010265851, 0.3570681972034177]"
2021-08-27 00:00:00,0.0629591078773831,"[0.38574399908105345, 0.2586735195879431, 0.3555824813310034]"
2021-08-30 00:00:00,0.07079654313753939,"[0.39048167730338906, 0.2594673993685585, 0.3500509233280524]"
2021-08-31 00:00:00,0.06849928612449514,"[0.39277831535690355, 0.25401540882795265, 0.3532062758151438]"
2021-09-01 00:00:00,0.07271213355819399,"[0.39285992010730947, 0.25390601846705085, 0.3532340614256397]"
2021-09-02 00:00:00,0.08752345219561677,"[0.3882123843267272, 0.2538248353718419, 0.35796278030143086]"
2021-09-03 00:00:00,0.07764774880076765,"[0.3929817526789584, 0.2512924428262693, 0.35572580449477237]"
2021-09-06 00:00:00,0.0934787477777602,"[0.39811079518144354, 0.24644793645051832, 0.3554412683680382]"
2021-09-07 00:00:00,0.10801657815094115,"[0.3812045882357645, 0.25764833677056515, 0.3611470749936703]"
2021-09-08 00:00:00,0.11365450680389819,"[0.3730027359346286, 0.2461867967751206, 0.38081046729025086]"
2021-09-09 00:00:00,0.12427976485525889,"[0.3665091447516946, 0.25194567495345294, 0.3815451802948525]"
2021-09-10 00:00:00,0.12746902545259967,"[0.367969663092899, 0.23610593291842372, 0.3959244039886772]"
2021-09-13 00:00:00,0.13677974147969577,"[0.36808345206352944, 0.23537626381036897, 0.3965402841261016]"
2021-09-14 00:00:00,0.11944095861384756,"[0.36817843887018503, 0.22140901925143147, 0.41041254187838355]"
2021-09-15 00:00:00,0.11774732953830029,"[0.3773694870504276, 0.22172267444120178, 0.4009078385083707]"
2021-09-16 00:00:00,0.10171198755664806,"[0.37455917139439315, 0.2143748860916396, 0.4110659425139673]"
2021-09-17 00:00:00,0.1024515026526091,"[0.3775417039680843, 0.22876607336057297, 0.3936922226713428]"
2021-09-22 00:00:00,0.10768299853318286,"[0.37116526612442896, 0.22769097613886338, 0.40114375773670774]"
2021-09-23 00:00:00,0.11500830921421185,"[0.36164341569262476, 0.2268138134429018, 0.41154277086447344]"
2021-09-24 00:00:00,0.1010404418388158,"[0.3578789338487571, 0.2282146327580147, 0.41390643339322813]"
2021-09-27 00:00:00,0.08113578412170944,"[0.36004201145552683, 0.22385429903849374, 0.4161036895059794]"
2021-09-28 00:00:00,0.08612864854636641,"[0.36032923081957796, 0.22154094139240796, 0.41812982778801405]"
2021-09-29 00:00:00,0.06236622602979547,"[0.35344877105957206, 0.2389556360065445, 0.4075955929338834]"
2021-09-30 00:00:00,0.07354686549227234,"[0.3589568847657951, 0.23766204041144245, 0.40338107482276236]"
2021-10-08 00:00:00,0.08050791205360212,"[0.362036929688586, 0.23740678759925832, 0.40055628271215576]"
2021-10-11 00:00:00,0.07839905319241354,"[0.363550118906986, 0.23565392862697895, 0.4007959524660351]"
2021-10-12 00:00:00,0.0604262922105682,"[0.35867221280539785, 0.24122064314701494, 0.40010714404758724]"
2021-10-13 00:00:00,0.06281932762538578,"[0.36980687478093427, 0.24058029755842159, 0.38961282766064415]"
2021-10-14 00:00:00,0.0612767086445099,"[0.3733366181128472, 0.24239712406262398, 0.3842662578245288]"
2021-10-15 00:00:00,0.06495042443683728,"[0.37285673775563505, 0.24285055750769344, 0.38429270473667154]"
2021-10-18 00:00:00,0.053207380820428064,"[0.3720854130116365, 0.24504148449768626, 0.38287310249067735]"
2021-10-19 00:00:00,0.0605213821685943,"[0.3822317236333795, 0.23367356873692408, 0.3840947076296964]"
2021-10-20 00:00:00,0.05835259021359544,"[0.3770687692598427, 0.23082123610426375, 0.39210999463589363]"
2021-10-21 00:00:00,0.05407365328435897,"[0.3728151253251555, 0.2398436195090631, 0.3873412551657815]"
2021-10-22 00:00:00,0.05435276339955801,"[0.36944769571511593, 0.24103479715527953, 0.3895175071296046]"
2021-10-25 00:00:00,0.0639997317140576,"[0.37028309656164904, 0.2402924138906264, 0.3894244895477246]"
2021-10-26 00:00:00,0.06836196301291692,"[0.35878885285958884, 0.25126116264464726, 0.38994998449576385]"
2021-10-27 00:00:00,0.05425356301647854,"[0.36018632380709037, 0.24891517153158552, 0.39089850466132414]"
2021-10-28 00:00:00,0.03552899175911783,"[0.3750420914016068, 0.24128947119525948, 0.38366843740313367]"
2021-10-29 00:00:00,0.04064436211347053,"[0.37508756951195554, 0.23674022496632435, 0.3881722055217201]"
2021-11-01 00:00:00,0.03505260756851496,"[0.37707969839044936, 0.23197295684138114, 0.39094734476816945]"
2021-11-02 00:00:00,0.02470956909432883,"[0.36869034475395024, 0.2481501648527541, 0.3831594903932956]"
2021-11-03 00:00:00,0.026419586023730773,"[0.367646419495308, 0.24722362208662252, 0.3851299584180694]"
2021-11-04 00:00:00,0.03760479950527926,"[0.36106786810833247, 0.26821981105784826, 0.3707123208338194]"
2021-11-05 00:00:00,0.02637711298684675,"[0.3620593756828032, 0.2774099160744037, 0.3605307082427932]"
2021-11-08 00:00:00,0.03553328520267052,"[0.3592343683474408, 0.2783592575679678, 0.3624063740845914]"
2021-11-09 00:00:00,0.04220232561066588,"[0.3643407883456772, 0.2569968949481959, 0.37866231670612693]"
2021-11-10 00:00:00,0.03726260213400954,"[0.3744217002102749, 0.25189552322924136, 0.37368277656048376]"
2021-11-11 00:00:00,0.046005066107563664,"[0.3932291990018945, 0.24820308742965208, 0.35856771356845346]"
2021-11-12 00:00:00,0.04427992941960921,"[0.4071701716789438, 0.23752402230293101, 0.3553058060181251]"
2021-11-15 00:00:00,0.04154223967421687,"[0.4065788598191874, 0.2411001347229394, 0.35232100545787315]"
2021-11-16 00:00:00,0.03591688652898037,"[0.40380549947593636, 0.24833816230026332, 0.3478563382238003]"
2021-11-17 00:00:00,0.04182170938764822,"[0.40492807520410634, 0.24655975714644732, 0.3485121676494464]"
2021-11-18 00:00:00,0.03338450467969242,"[0.4050041665711452, 0.24953687720522416, 0.34545895622363065]"
2021-11-19 00:00:00,0.05008334224467885,"[0.39859138818310225, 0.24982803035974102, 0.35158058145715676]"
2021-11-22 00:00:00,0.05824718076190783,"[0.4055186298631801, 0.24789454976813158, 0.34658682036868843]"
2021-11-23 00:00:00,0.06122829841360121,"[0.4136132016867062, 0.2474375171660282, 0.3389492811472656]"
2021-11-24 00:00:00,0.06467765178289753,"[0.4245661888976595, 0.23518405707490123, 0.34024975402743934]"
2021-11-25 00:00:00,0.06516964357427303,"[0.4234416291306909, 0.2302502224388627, 0.3463081484304465]"
2021-11-26 00:00:00,0.05426347077944227,"[0.42688770849510194, 0.23060004286945165, 0.3425122486354463]"
2021-11-29 00:00:00,0.05138838520931238,"[0.41631408651831225, 0.2376707764773649, 0.3460151370043229]"
2021-11-30 00:00:00,0.05073120790457007,"[0.4096717490555265, 0.24649974159254748, 0.343828509351926]"
2021-12-01 00:00:00,0.05620352461395729,"[0.40851896240874136, 0.24681814175621816, 0.3446628958350405]"
2021-12-02 00:00:00,0.06275369017169267,"[0.40991445987864145, 0.2497139393500784, 0.34037160077128015]"
2021-12-03 00:00:00,0.07580291852402848,"[0.4228071800853175, 0.2389888234174954, 0.33820399649718713]"
2021-12-06 00:00:00,0.07243236141229543,"[0.43378112180931827, 0.23001646655775088, 0.33620241163293085]"
2021-12-07 00:00:00,0.07585772121779594,"[0.44237690135350866, 0.22272324759137366, 0.3348998510551176]"
2021-12-08 00:00:00,0.09216574696430045,"[0.4386824173887423, 0.2259963154473281, 0.33532126716392957]"
2021-12-09 00:00:00,0.10679735921670497,"[0.4224986711923956, 0.226740043968188, 0.3507612848394164]"
2021-12-10 00:00:00,0.1026065112717748,"[0.4218595256498757, 0.2414306221443973, 0.336709852205727]"
2021-12-13 00:00:00,0.11407455809450208,"[0.42091747043330113, 0.24242222758017687, 0.33666030198652197]"
2021-12-14 00:00:00,0.09828828051737526,"[0.41243123702484136, 0.2460688175472231, 0.34149994542793555]"
2021-12-15 00:00:00,0.09405304350779367,"[0.42953787861037784, 0.2333411451179147, 0.33712097627170745]"
2021-12-16 00:00:00,0.10457991000581329,"[0.4312358334343176, 0.23195723180770553, 0.3368069347579769]"
2021-12-17 00:00:00,0.09347925915828462,"[0.4298954679513808, 0.22598887442990298, 0.3441156576187162]"
2021-12-20 00:00:00,0.07457732667108913,"[0.4385116493723236, 0.235139865830917, 0.3263484847967593]"
2021-12-21 00:00:00,0.08459301034251061,"[0.435272465212019, 0.2502785640074941, 0.3144489707804869]"
2021-12-22 00:00:00,0.08450295656486922,"[0.4318938468263416, 0.25216709364521456, 0.31593905952844387]"
2021-12-23 00:00:00,0.09069902986958114,"[0.42778392860731945, 0.2508275058770718, 0.3213885655156088]"
2021-12-24 00:00:00,0.0833500469676385,"[0.4249523801544571, 0.25592695158842804, 0.319120668257115]"
2021-12-27 00:00:00,0.08449588653772983,"[0.4300154007658609, 0.2538235509969948, 0.31616104823714436]"
2021-12-28 00:00:00,0.08918879508346654,"[0.43335343360590173, 0.2509919787292874, 0.3156545876648109]"
2021-12-29 00:00:00,0.07655621562258833,"[0.4287866491612214, 0.25673096563305425, 0.31448238520572436]"
2021-12-30 00:00:00,0.08711896473049145,"[0.41898926441079676, 0.26245480072538685, 0.3185559348638165]"
2021-12-31 00:00:00,0.09079280886757614,"[0.42933839271852525, 0.25780156111355723, 0.3128600461679176]"
2022-01-04 00:00:00,0.09488997026867375,"[0.42247043306652404, 0.26258302384006216, 0.3149465430934139]"
2022-01-05 00:00:00,0.0847911177357268,"[0.42062546243663274, 0.2595587270361932, 0.31981581052717406]"
2022-01-06 00:00:00,0.08467816754283239,"[0.4093257322107452, 0.2705999178082317, 0.32007434998102313]"
2022-01-07 00:00:00,0.08041418983658241,"[0.40556722025528813, 0.27160942517713416, 0.3228233545675778]"
2022-01-10 00:00:00,0.08677191900285185,"[0.40389993381768646, 0.27246907046724145, 0.3236309957150722]"
2022-01-11 00:00:00,0.07312983152968242,"[0.413484500448529, 0.2690326122666057, 0.3174828872848653]"
2022-01-12 00:00:00,0.08317597553984703,"[0.4074750870371485, 0.27191987172666854, 0.320605041236183]"
2022-01-13 00:00:00,0.06706443052961612,"[0.40271837765467444, 0.27489503961954515, 0.3223865827257804]"
2022-01-14 00:00:00,0.05636775834804827,"[0.4055816684689992, 0.279138010842828, 0.31528032068817285]"
2022-01-17 00:00:00,0.0676009631628678,"[0.4117637438987124, 0.27015910556773665, 0.318077150533551]"
2022-01-18 00:00:00,0.08018797880720138,"[0.3915524219696908, 0.28611965210181206, 0.32232792592849724]"
2022-01-19 00:00:00,0.07642305805271546,"[0.4052069039636688, 0.2709481721366105, 0.3238449238997207]"
2022-01-20 00:00:00,0.07406935960992368,"[0.40513106249509606, 0.27252678614928744, 0.3223421513556165]"
2022-01-21 00:00:00,0.056445007770019706,"[0.40225088198133063, 0.2736523585127673, 0.32409675950590205]"
2022-01-24 00:00:00,0.05926270164390896,"[0.3879476296507259, 0.2683571232762871, 0.343695247072987]"
2022-01-25 00:00:00,0.026323803587539205,"[0.3897900242569043, 0.2672136086553554, 0.3429963670877403]"
2022-01-26 00:00:00,0.030940671509409746,"[0.35653132787403535, 0.2887015772338883, 0.35476709489207636]"
2022-01-27 00:00:00,0.008381241455535648,"[0.3473109103403541, 0.30627431350897855, 0.34641477615066724]"
2022-01-28 00:00:00,-0.0008252013272286585,"[0.33751116526889247, 0.311512551599677, 0.3509762831314306]"
2022-02-07 00:00:00,0.026947719396186134,"[0.33484212456401186, 0.31143105290564344, 0.35372682253034465]"
2022-02-08 00:00:00,0.034879730660641144,"[0.3507264111766838, 0.2753188600724782, 0.373954728750838]"
2022-02-09 00:00:00,0.05651661470407934,"[0.34035619364492037, 0.2722084085126395, 0.3874353978424401]"
2022-02-10 00:00:00,0.06209819750787326,"[0.3518936813580616, 0.2610680220375607, 0.3870382966043777]"
2022-02-11 00:00:00,0.05241604327598674,"[0.3543140192416966, 0.25634385267960946, 0.38934212807869395]"
2022-02-14 00:00:00,0.04173119042831167,"[0.3510286838236997, 0.25428968031187177, 0.39468163586442856]"
2022-02-15 00:00:00,0.05344130903717614,"[0.35259836312870546, 0.25376376614839596, 0.3936378707228986]"
2022-02-16 00:00:00,0.05480269352207841,"[0.3569643238142061, 0.2532308078003287, 0.3898048683854652]"
2022-02-17 00:00:00,0.05655539604780892,"[0.3582340901461854, 0.2524576114904509, 0.3893082983633639]"
2022-02-18 00:00:00,0.06443413972544385,"[0.3583430292017194, 0.2519137152658437, 0.38974325553243694]"
2022-02-21 00:00:00,0.0676279328183004,"[0.3584597600749341, 0.2505010078398871, 0.3910392320851789]"
2022-02-22 00:00:00,0.055669304809484614,"[0.35873287355104, 0.25022956883238245, 0.3910375576165776]"
2022-02-23 00:00:00,0.06644893154724336,"[0.35894104533778665, 0.2517294400207872, 0.3893295146414262]"
2022-02-24 00:00:00,0.047393089623696594,"[0.35141548841749953, 0.2551526008817872, 0.39343191070071326]"
2022-02-25 00:00:00,0.05421287864009816,"[0.3476262879101716, 0.2669489785394005, 0.38542473355042794]"
2022-02-28 00:00:00,0.05996051787826712,"[0.3464154856651629, 0.2692053035653549, 0.38437921076948217]"
2022-03-01 00:00:00,0.06739614813456836,"[0.3422202382033431, 0.26789158852857564, 0.3898881732680814]"
2022-03-02 00:00:00,0.06325327587603442,"[0.34230506852842557, 0.2697974878076941, 0.3878974436638804]"
2022-03-03 00:00:00,0.0625199010452804,"[0.34567491305788595, 0.2661763728371659, 0.3881487141049481]"
2022-03-04 00:00:00,0.05135406322935593,"[0.33983515916625606, 0.26144932022271095, 0.39871552061103305]"
2022-03-07 00:00:00,0.02323782979792248,"[0.33534337944236126, 0.2714302381296081, 0.3932263824280307]"
2022-03-08 00:00:00,-0.009109736798925211,"[0.34438212277182245, 0.27378850140668787, 0.38182937582148974]"
2022-03-09 00:00:00,-0.014510422367070251,"[0.3385305281060531, 0.27965853842037736, 0.38181093347356954]"
2022-03-10 00:00:00,-0.003358234604238,"[0.3383243088572878, 0.2785389402949718, 0.38313675084774046]"
2022-03-11 00:00:00,0.0056268051188775505,"[0.3360460139727167, 0.28270180313407717, 0.381252182893206]"
2022-03-14 00:00:00,-0.020698928221346766,"[0.3365511754592109, 0.28538469811084954, 0.37806412642993953]"
2022-03-15 00:00:00,-0.07011257002798056,"[0.34537533348856553, 0.2808413179939036, 0.373783348517531]"
2022-03-16 00:00:00,-0.028646754311192506,"[0.369047476235165, 0.2723858441318138, 0.35856667963302125]"
2022-03-17 00:00:00,-0.011531914830093113,"[0.37478058742491527, 0.27386765658816425, 0.3513517559869205]"
2022-03-18 00:00:00,-0.00375738366561757,"[0.3824291208951276, 0.26860303556827814, 0.3489678435365943]"
2022-03-21 00:00:00,-0.0005919667680589335,"[0.38366419210688824, 0.2684484991725315, 0.3478873087205802]"
2022-03-22 00:00:00,0.001529804695788518,"[0.3768330521811638, 0.2814658956921038, 0.34170105212673246]"
2022-03-23 00:00:00,0.006510441085574085,"[0.37863558963834026, 0.2815952798251678, 0.33976913053649194]"
2022-03-24 00:00:00,-0.0011915023545408018,"[0.3745173956910381, 0.28846293976714604, 0.3370196645418158]"
2022-03-25 00:00:00,-0.015430192753642798,"[0.3716889150631329, 0.294160813308199, 0.33415027162866806]"
2022-03-28 00:00:00,-0.016790487648516525,"[0.3718102173642359, 0.2953227182623311, 0.33286706437343294]"
2022-03-29 00:00:00,-0.024601250292024517,"[0.37012356596043683, 0.296546695389706, 0.3333297386498572]"
2022-03-30 00:00:00,0.0005579757928960948,"[0.3678107986482879, 0.30078423174920105, 0.3314049696025109]"
2022-03-31 00:00:00,-0.00621681191823692,"[0.36676841654906384, 0.309511249624389, 0.32372033382654714]"
2022-04-01 00:00:00,0.012416185555004362,"[0.36707618332062447, 0.3096707503375376, 0.323253066341838]"
2022-04-06 00:00:00,0.013247332457921505,"[0.3730774074039336, 0.3000330139702161, 0.3268895786258504]"
2022-04-07 00:00:00,0.004165576625779415,"[0.37278160244214237, 0.29984793005014015, 0.32737046750771753]"
2022-04-08 00:00:00,0.012207308763605765,"[0.3744592551061172, 0.3007138826502379, 0.3248268622436449]"
2022-04-11 00:00:00,-0.017871287676924117,"[0.38237605553652254, 0.29373596986877837, 0.32388797459469915]"
2022-04-12 00:00:00,-0.0012153732486152521,"[0.39044768936326935, 0.29321572793195355, 0.316336582704777]"
2022-04-13 00:00:00,-0.012870725608848018,"[0.3889334686721684, 0.2931111486122624, 0.31795538271556917]"
2022-04-14 00:00:00,0.00290085912407583,"[0.38880692181507803, 0.2930981566282799, 0.3180949215566421]"
2022-04-15 00:00:00,-0.0007096757170324858,"[0.391059565189077, 0.2935063573613374, 0.3154340774495856]"
2022-04-18 00:00:00,-0.004648463075887262,"[0.3909018635200014, 0.2938184650761424, 0.3152796714038562]"
2022-04-19 00:00:00,-0.0082562186111437,"[0.3900435766820021, 0.2950066681954228, 0.31494975512257506]"
2022-04-20 00:00:00,-0.024931421503805604,"[0.3895566109575891, 0.29583330230735716, 0.3146100867350538]"
2022-04-21 00:00:00,-0.0503719864107884,"[0.39417154579769975, 0.292688170253231, 0.3131402839490692]"
2022-04-22 00:00:00,-0.048649368994666195,"[0.39942978412893426, 0.29142032826107006, 0.3091498876099957]"
2022-04-25 00:00:00,-0.1015209079891254,"[0.3991820556433054, 0.29217854318296255, 0.3086394011737322]"
2022-04-26 00:00:00,-0.11191218119051627,"[0.39564138669028975, 0.2977746881235204, 0.30658392518618993]"
2022-04-27 00:00:00,-0.07810285446414017,"[0.39620675885834483, 0.2973413475614233, 0.30645189358023184]"
2022-04-28 00:00:00,-0.0748003369538915,"[0.3898678378942786, 0.305771493683489, 0.3043606684222325]"
2022-04-29 00:00:00,-0.04070556314878147,"[0.38614432741560306, 0.31509853595011966, 0.2987571366342773]"
2022-05-05 00:00:00,-0.03592805065942838,"[0.37072917811966427, 0.32822135093612437, 0.3010494709442114]"
2022-05-06 00:00:00,-0.05818305557567366,"[0.3691815968271584, 0.3320673863776563, 0.29875101679518523]"
2022-05-09 00:00:00,-0.05935695670075549,"[0.37239102136728686, 0.32665123122947387, 0.3009577474032393]"
2022-05-10 00:00:00,-0.049168632446946595,"[0.37275455569471816, 0.32624359883071474, 0.30100184547456715]"
2022-05-11 00:00:00,-0.041897834249521954,"[0.371169557752972, 0.32711520350810624, 0.3017152387389218]"
2022-05-12 00:00:00,-0.04550844433063883,"[0.3713547398939969, 0.32973755096934765, 0.29890770913665543]"
2022-05-13 00:00:00,-0.03719226191427313,"[0.3714483071283609, 0.32937501698748645, 0.29917667588415264]"
2022-05-16 00:00:00,-0.04171792358867475,"[0.3731093185023075, 0.3292983375062165, 0.297592343991476]"
2022-05-17 00:00:00,-0.034343312824242016,"[0.37230378603592673, 0.3302035788191769, 0.2974926351448964]"
2022-05-18 00:00:00,-0.03601399516229722,"[0.37179427861539505, 0.33079371069783753, 0.29741201068676737]"
2022-05-19 00:00:00,-0.030452167930695308,"[0.3755946893175573, 0.32258686472357156, 0.30181844595887125]"
2022-05-20 00:00:00,-0.014607148225437041,"[0.37561290434164246, 0.3236196175908432, 0.3007674780675144]"
2022-05-23 00:00:00,-0.01726346747618496,"[0.3694331454135608, 0.3356092135157598, 0.2949576410706795]"
2022-05-24 00:00:00,-0.044089381078911666,"[0.3708383752640491, 0.3339958919730019, 0.29516573276294905]"
2022-05-25 00:00:00,-0.031714581160618774,"[0.371800116819374, 0.3285392424292881, 0.2996606407513379]"
2022-05-26 00:00:00,-0.02320954937712705,"[0.3670282571905165, 0.3348563624293034, 0.2981153803801801]"
2022-05-27 00:00:00,-0.02477760125342485,"[0.3649469056412487, 0.327686421595217, 0.3073666727635343]"
2022-05-30 00:00:00,-0.015413974888256632,"[0.366877292612788, 0.3285314334570697, 0.30459127393014224]"
2022-05-31 00:00:00,0.0004560727573896563,"[0.37179030481329894, 0.3230331427346282, 0.30517655245207287]"
2022-06-01 00:00:00,0.0008271343177881687,"[0.36734785622712474, 0.32509512412111957, 0.3075570196517557]"
2022-06-02 00:00:00,0.0030924435424624463,"[0.366782682886335, 0.32606482264950565, 0.3071524944641595]"
2022-06-06 00:00:00,0.017936213503158913,"[0.36630224285571517, 0.32690468946845613, 0.3067930676758287]"
2022-06-07 00:00:00,0.020584318709179678,"[0.36350198090749497, 0.3285480114536876, 0.30795000763881736]"
2022-06-08 00:00:00,0.029760029277062137,"[0.36236985310585285, 0.32902048950780516, 0.30860965738634205]"
2022-06-09 00:00:00,0.016362553433488483,"[0.3629965082724593, 0.3311159890151768, 0.3058875027123639]"
2022-06-10 00:00:00,0.030815354340499895,"[0.36329174843057577, 0.33194152166853425, 0.3047667299008901]"
2022-06-13 00:00:00,0.021928894926054904,"[0.35797312112915, 0.3264352641716484, 0.31559161469920166]"
2022-06-14 00:00:00,0.031013256980126344,"[0.3628718273021646, 0.3188782078464454, 0.31824996485139]"
2022-06-15 00:00:00,0.042750340447438036,"[0.3582575068793947, 0.322922986969984, 0.31881950615062127]"
2022-06-16 00:00:00,0.0383197515255954,"[0.3591899682938743, 0.3237429854131199, 0.31706704629300597]"
2022-06-17 00:00:00,0.048870974977669915,"[0.3814943600140709, 0.3135155862010699, 0.30499005378485916]"
2022-06-20 00:00:00,0.058418864980455815,"[0.3785814921297546, 0.31761493298826726, 0.30380357488197823]"
2022-06-21 00:00:00,0.056758174151277055,"[0.3730423471246022, 0.32189676075166745, 0.3050608921237304]"
2022-06-22 00:00:00,0.04039240240940178,"[0.374178917015574, 0.32123584522549853, 0.30458523775892754]"
2022-06-23 00:00:00,0.057743475141050174,"[0.3752787650531153, 0.322278005340084, 0.30244322960680076]"
2022-06-24 00:00:00,0.06526259442307354,"[0.37480229576580754, 0.31939025437947943, 0.30580744985471303]"
2022-06-27 00:00:00,0.0754621645561885,"[0.3719835643180379, 0.32030918701805483, 0.3077072486639072]"
2022-06-28 00:00:00,0.08972760876988754,"[0.37303219734957377, 0.3210534900563182, 0.30591431259410795]"
2022-06-29 00:00:00,0.07600662446950131,"[0.38193811687355256, 0.30803932442342835, 0.3100225587030191]"
2022-06-30 00:00:00,0.08971174762178373,"[0.38396823102124733, 0.3117316527933576, 0.30430011618539504]"
2022-07-01 00:00:00,0.08984694580064762,"[0.38388202544612043, 0.31157643464416956, 0.3045415399097099]"
2022-07-04 00:00:00,0.09394525689027418,"[0.3788494055244141, 0.3130679970843628, 0.30808259739122323]"
2022-07-05 00:00:00,0.09157227666888773,"[0.376420303120308, 0.3132497313929253, 0.3103299654867667]"
2022-07-06 00:00:00,0.07723094508231179,"[0.373629456999463, 0.3199122125824532, 0.3064583304180838]"
2022-07-07 00:00:00,0.0806741544870025,"[0.36597163645770325, 0.33153794842636153, 0.3024904151159352]"
2022-07-08 00:00:00,0.08177522816053745,"[0.3686460946125551, 0.3280333877558463, 0.30332051763159873]"
2022-07-11 00:00:00,0.06716817668422823,"[0.3667234286731579, 0.3307168930922932, 0.302559678234549]"
2022-07-12 00:00:00,0.058899313053296154,"[0.3723543874777416, 0.3413725262091042, 0.28627308631315423]"
2022-07-13 00:00:00,0.061126053595038726,"[0.359981393395653, 0.3553555308629388, 0.28466307574140826]"
2022-07-14 00:00:00,0.05825103366306944,"[0.35984519310549395, 0.35855914083252105, 0.28159566606198494]"
2022-07-15 00:00:00,0.03822353147108865,"[0.36105174024161696, 0.35967813461472714, 0.27927012514365596]"
2022-07-18 00:00:00,0.05503443762279743,"[0.3619418536182699, 0.3486433069595278, 0.28941483942220225]"
2022-07-19 00:00:00,0.05649499924745972,"[0.3553734898569292, 0.3506313583385005, 0.2939951518045703]"
2022-07-20 00:00:00,0.0648391788650761,"[0.35417392218980365, 0.3525175679798216, 0.2933085098303749]"
2022-07-21 00:00:00,0.0520623041682575,"[0.3542530596459124, 0.34747229290665815, 0.2982746474474295]"
2022-07-22 00:00:00,0.052372010861132266,"[0.3627772040188635, 0.34037539814526285, 0.29684739783587366]"
2022-07-25 00:00:00,0.04510748692894874,"[0.3655778454798278, 0.33826240198634366, 0.29615975253382854]"
2022-07-26 00:00:00,0.05447748959766056,"[0.36695371502620566, 0.33913731154650545, 0.2939089734272889]"
2022-07-27 00:00:00,0.053784565952975934,"[0.36418880858244695, 0.335110041851385, 0.3007011495661681]"
2022-07-28 00:00:00,0.05987683215824676,"[0.3643650147298888, 0.33147374146826153, 0.3041612438018496]"
2022-07-29 00:00:00,0.047267050770555596,"[0.36697590732254154, 0.3249241857520058, 0.3080999069254527]"
2022-08-01 00:00:00,0.05270444238392599,"[0.3673940267369616, 0.3227200271312208, 0.3098859461318177]"
2022-08-02 00:00:00,0.029395897479008542,"[0.3703334583648552, 0.31988525217964286, 0.30978128945550193]"
2022-08-03 00:00:00,0.025301108641364686,"[0.3606391028004519, 0.3340033795230984, 0.30535751767644975]"
2022-08-04 00:00:00,0.032703728370411494,"[0.3594938076086511, 0.33787364888754445, 0.3026325435038046]"
2022-08-05 00:00:00,0.05028023577738237,"[0.3561860910550896, 0.3412463640202343, 0.3025675449246762]"
2022-08-08 00:00:00,0.05179861612951198,"[0.3507335237062013, 0.349353927642743, 0.29991254865105577]"
2022-08-09 00:00:00,0.05260087267741188,"[0.3480171589837065, 0.34683019755778044, 0.3051526434585131]"
2022-08-10 00:00:00,0.04653436253603418,"[0.3388170910482159, 0.35920323101337537, 0.3019796779384088]"
2022-08-11 00:00:00,0.06637417877386717,"[0.3342743520743911, 0.36189310901810656, 0.3038325389075024]"
2022-08-12 00:00:00,0.06830834691203257,"[0.33241814985055956, 0.3667610304565016, 0.30082081969293883]"
2022-08-15 00:00:00,0.06534932212706714,"[0.3335625726267211, 0.36538720965119353, 0.3010502177220853]"
2022-08-16 00:00:00,0.06666003103065611,"[0.3368821945779021, 0.36252651545777254, 0.30059128996432544]"
2022-08-17 00:00:00,0.07781116554988277,"[0.33680572166630623, 0.36214467307808923, 0.3010496052556045]"
2022-08-18 00:00:00,0.06679986880954768,"[0.34023323774430625, 0.36112839069624125, 0.29863837155945244]"
2022-08-19 00:00:00,0.058375937997163924,"[0.3395759741876985, 0.35512734536026425, 0.3052966804520372]"
2022-08-22 00:00:00,0.06719353360009869,"[0.339435182278447, 0.3502419544612202, 0.3103228632603329]"
2022-08-23 00:00:00,0.060051244197697404,"[0.3341694742894866, 0.3423826280572039, 0.32344789765330956]"
2022-08-24 00:00:00,0.03905951281611543,"[0.34087299402029897, 0.3384958105490292, 0.32063119543067187]"
2022-08-25 00:00:00,0.048776638985808245,"[0.33690114980408314, 0.3372298943134889, 0.325868955882428]"
2022-08-26 00:00:00,0.04567756348184119,"[0.3388774594375418, 0.3321697546825629, 0.32895278587989535]"
2022-08-29 00:00:00,0.0420762710788387,"[0.33566327331208834, 0.3420220209275528, 0.3223147057603589]"
2022-08-30 00:00:00,0.04004480981567651,"[0.3478833678608937, 0.33317197737049836, 0.31894465476860806]"
2022-08-31 00:00:00,0.03592794857278142,"[0.3484374860095849, 0.33309250510823285, 0.3184700088821823]"
2022-09-01 00:00:00,0.028334992634755314,"[0.3453610770690115, 0.3377118491919366, 0.31692707373905205]"
2022-09-02 00:00:00,0.028091031476026172,"[0.33947139048265135, 0.33929884403877963, 0.32122976547856896]"
2022-09-05 00:00:00,0.02657381461669238,"[0.3387691632169935, 0.3394410778590153, 0.32178975892399125]"
2022-09-06 00:00:00,0.03993428169663333,"[0.3383160065505845, 0.34004353478930893, 0.32164045866010665]"
2022-09-07 00:00:00,0.04080399399542757,"[0.34670636575621394, 0.3363930395089297, 0.3169005947348564]"
2022-09-08 00:00:00,0.0388939985489942,"[0.34669871503994787, 0.33600788147973265, 0.3172934034803196]"
2022-09-09 00:00:00,0.05172917607067392,"[0.33977582568080883, 0.3478257403829098, 0.31239843393628125]"
2022-09-13 00:00:00,0.056913340061359084,"[0.3398251454153202, 0.3460697779793759, 0.31410507660530396]"
2022-09-14 00:00:00,0.04715670934459168,"[0.34295325970972923, 0.3409887571017753, 0.3160579831884956]"
2022-09-15 00:00:00,0.038437791112790234,"[0.35457794440834023, 0.3205374584525897, 0.3248845971390701]"
2022-09-16 00:00:00,0.012966762497918703,"[0.3452688909666755, 0.3262158929521811, 0.3285152160811433]"
2022-09-19 00:00:00,0.008590703440687717,"[0.3477437842633085, 0.3307436360470508, 0.3215125796896407]"
2022-09-20 00:00:00,0.008337180130779736,"[0.3533467753683404, 0.3173861801020328, 0.3292670445296268]"
2022-09-21 00:00:00,0.00689683879966675,"[0.35183768638885615, 0.3176342276129701, 0.3305280859981738]"
2022-09-22 00:00:00,-0.0005620627662737019,"[0.35183591065031505, 0.31778969477841357, 0.3303743945712713]"
2022-09-23 00:00:00,-0.007683623987542347,"[0.354766556909489, 0.31654053748532524, 0.32869290560518566]"
2022-09-26 00:00:00,-0.022429408693813425,"[0.36036579294324533, 0.3055483500842876, 0.3340858569724671]"
2022-09-27 00:00:00,-0.0029683608348386736,"[0.3550902152719371, 0.30954226614574387, 0.33536751858231906]"
2022-09-28 00:00:00,-0.021186319601597472,"[0.3451351823458674, 0.31485038610295374, 0.340014431551179]"
2022-09-29 00:00:00,-0.023887327506061255,"[0.35049454164391797, 0.3177709585431416, 0.3317344998129404]"
2022-09-30 00:00:00,-0.02584110250834655,"[0.3524747320405849, 0.31688722937133845, 0.3306380385880767]"
2022-10-10 00:00:00,-0.0467084054445217,"[0.3532211979527048, 0.31974823999406354, 0.3270305620532317]"
2022-10-11 00:00:00,-0.04557821287687033,"[0.3634441191031325, 0.31615544135704565, 0.32040043953982184]"
2022-10-12 00:00:00,-0.029552945237077476,"[0.36292745217053873, 0.3160942026558328, 0.3209783451736285]"
2022-10-13 00:00:00,-0.028830623595688585,"[0.348397280478098, 0.3358728220003068, 0.3157298975215952]"
2022-10-14 00:00:00,-0.007110529030433958,"[0.35080965891482224, 0.3376064267072647, 0.31158391437791305]"
2022-10-17 00:00:00,0.004807451086009527,"[0.3477847336458613, 0.3526650597817995, 0.2995502065723393]"
2022-10-18 00:00:00,0.001882037579044093,"[0.3511415980576125, 0.34481070712443385, 0.3040476948179536]"
2022-10-19 00:00:00,-0.011578162434154613,"[0.35093413933229184, 0.3450989738588824, 0.3039668868088258]"
2022-10-20 00:00:00,-0.013872888972364593,"[0.35179451219205493, 0.34247112688556836, 0.30573436092237677]"
2022-10-21 00:00:00,-0.009922475670830232,"[0.35346460257928597, 0.3416321061944234, 0.3049032912262906]"
2022-10-24 00:00:00,-0.02985902552102815,"[0.3502713373807582, 0.34471612849611283, 0.30501253412312895]"
2022-10-25 00:00:00,-0.03165290381873438,"[0.34662507556548644, 0.34839206770164033, 0.3049828567328732]"
2022-10-26 00:00:00,-0.022844024927159895,"[0.3458776529761552, 0.34909332862794923, 0.3050290183958955]"
2022-10-27 00:00:00,-0.029290648166805378,"[0.32931793327109454, 0.3624149776191696, 0.30826708910973594]"
2022-10-28 00:00:00,-0.05742904803068939,"[0.3298236914708069, 0.361981295602489, 0.3081950129267041]"
2022-10-31 00:00:00,-0.06879170097175771,"[0.3263568995192103, 0.3684269149526568, 0.305216185528133]"
2022-11-01 00:00:00,-0.039050471875820836,"[0.32633470130865455, 0.3659966924077965, 0.30766860628354903]"
2022-11-02 00:00:00,-0.025176845159375218,"[0.33583176237442497, 0.3723114177878279, 0.2918568198377471]"
2022-11-03 00:00:00,-0.03419879558147403,"[0.33332655313855364, 0.37399298611606246, 0.2926804607453839]"
2022-11-04 00:00:00,-0.006935914481231476,"[0.33558251214830337, 0.3721273897644543, 0.2922900980872423]"
2022-11-07 00:00:00,0.0008088306674561398,"[0.3419236909584011, 0.368555876937647, 0.2895204321039519]"
2022-11-08 00:00:00,-0.0029171534874565656,"[0.34841366743339164, 0.35918122395715923, 0.2924051086094492]"
2022-11-09 00:00:00,-0.00756347063373544,"[0.3485611612341861, 0.3593735114247725, 0.2920653273410414]"
2022-11-10 00:00:00,-0.01253205226162124,"[0.3485922938251848, 0.35957973809746124, 0.29182796807735395]"
2022-11-11 00:00:00,0.011754658166886624,"[0.3471840993579017, 0.3602773378821622, 0.2925385627599361]"
2022-11-14 00:00:00,0.014084188753369505,"[0.3558206680347523, 0.34820617469180876, 0.295973157273439]"
2022-11-15 00:00:00,0.034312361453172555,"[0.35909569453426776, 0.3474779265592463, 0.2934263789064859]"
2022-11-16 00:00:00,0.030565525834227242,"[0.36081276952352226, 0.34929686144954286, 0.2898903690269348]"
2022-11-17 00:00:00,0.031726539913928514,"[0.36058082405053005, 0.3491986510409052, 0.2902205249085648]"
2022-11-18 00:00:00,0.023036781080156485,"[0.3610821298911857, 0.34893542036029146, 0.28998244974852283]"
2022-11-21 00:00:00,0.015283594244333494,"[0.3635751000941691, 0.3450358245457481, 0.29138907536008274]"
2022-11-22 00:00:00,0.022290055036091647,"[0.35847499862784216, 0.3476789788972829, 0.293846022474875]"
2022-11-23 00:00:00,0.023778324929934157,"[0.3622082517805646, 0.3405513047920027, 0.2972404434274328]"
2022-11-24 00:00:00,0.020760462972791632,"[0.3676593655937885, 0.33394582143937596, 0.29839481296683557]"
2022-11-25 00:00:00,0.02731030687208992,"[0.367401752627548, 0.33375453634134195, 0.29884371103111007]"
2022-11-28 00:00:00,0.017894749074498426,"[0.3681103480052369, 0.32790407795158405, 0.30398557404317905]"
2022-11-29 00:00:00,0.04806699529203422,"[0.3679848614650124, 0.3295260220953022, 0.30248911643968546]"
2022-11-30 00:00:00,0.04487232739695454,"[0.37035859191313875, 0.3292292717772247, 0.3004121363096366]"
2022-12-01 00:00:00,0.05333423285550379,"[0.371794965385165, 0.32788686178719284, 0.30031817282764217]"
2022-12-02 00:00:00,0.04858734045865841,"[0.3708147088958955, 0.3280360529124803, 0.30114923819162426]"
2022-12-05 00:00:00,0.07329312476841046,"[0.3717021364463065, 0.3284140013953959, 0.29988386215829765]"
2022-12-06 00:00:00,0.07505511474398818,"[0.38511791389983197, 0.31562163280394817, 0.2992604532962198]"
2022-12-07 00:00:00,0.07167453602153434,"[0.3868664970109326, 0.3147183937759893, 0.298415109213078]"
2022-12-08 00:00:00,0.06917588650331677,"[0.39382148212653845, 0.31170459309818493, 0.2944739247752766]"
2022-12-09 00:00:00,0.077820267227097,"[0.392008087965536, 0.31282475437432683, 0.29516715766013707]"
2022-12-12 00:00:00,0.0699924775820777,"[0.40735669103771266, 0.29941479106530505, 0.29322851789698234]"
2022-12-13 00:00:00,0.06696632133481029,"[0.4023411773572978, 0.30688588896969976, 0.2907729336730025]"
2022-12-14 00:00:00,0.06707232911033546,"[0.3968347132308018, 0.29939862153505903, 0.30376666523413925]"
2022-12-15 00:00:00,0.06590069097117997,"[0.4031664909585526, 0.29531317951529445, 0.30152032952615293]"
2022-12-16 00:00:00,0.06536817940190619,"[0.4073929692095463, 0.2921834054548349, 0.3004236253356187]"
2022-12-19 00:00:00,0.04444092150673433,"[0.4170216538544517, 0.27846042294700113, 0.30451792319854715]"
2022-12-20 00:00:00,0.029111392268497016,"[0.3973570182729494, 0.2880443494137282, 0.31459863231332247]"
2022-12-21 00:00:00,0.028183514631335966,"[0.39845233925893964, 0.28237287706937286, 0.31917478367168756]"
2022-12-22 00:00:00,0.027639541254847414,"[0.39848278454294134, 0.28221385778734975, 0.31930335766970896]"
2022-12-23 00:00:00,0.025862999621375626,"[0.3996631632211856, 0.2801406308772734, 0.320196205901541]"
2022-12-26 00:00:00,0.029681931733889076,"[0.39464256483760357, 0.28249705449545054, 0.322860380666946]"
2022-12-27 00:00:00,0.036942889341444005,"[0.39396943245721744, 0.2829981858065053, 0.32303238173627735]"
2022-12-28 00:00:00,0.03217147327553709,"[0.3989367405479849, 0.274684892951694, 0.3263783665003212]"
2022-12-29 00:00:00,0.03060022030449753,"[0.3959964759546437, 0.27421175339428233, 0.32979177065107396]"
2022-12-30 00:00:00,0.03422292896967667,"[0.3987015483581355, 0.27234655821563686, 0.32895189342622777]"
2023-01-03 00:00:00,0.04383710022208123,"[0.39643537513456745, 0.27570220775154475, 0.3278624171138879]"
2023-01-04 00:00:00,0.046582117590202206,"[0.3938671388369625, 0.2821959369319707, 0.32393692423106685]"
2023-01-05 00:00:00,0.0603246091843096,"[0.388116745673519, 0.29211206401084305, 0.31977119031563794]"
2023-01-06 00:00:00,0.06113967840441799,"[0.39350095561656817, 0.2939344507980464, 0.3125645935853855]"
2023-01-09 00:00:00,0.06949973616768702,"[0.39369504006392547, 0.29388141057324596, 0.31242354936282857]"
2023-01-10 00:00:00,0.06748964804266296,"[0.39982510202656807, 0.28505970594377616, 0.3151151920296558]"
2023-01-11 00:00:00,0.0641691765976794,"[0.39939572061655265, 0.28459892942650034, 0.31600534995694707]"
2023-01-12 00:00:00,0.06460573683284139,"[0.4016647774863652, 0.27374141946909464, 0.3245938030445403]"
2023-01-13 00:00:00,0.07729346615491364,"[0.39940223404524, 0.2773592963765711, 0.32323846957818897]"
2023-01-16 00:00:00,0.09462196167445935,"[0.4011973699219706, 0.27411206682674283, 0.3246905632512866]"
2023-01-17 00:00:00,0.0925414599615852,"[0.4030848227687746, 0.27285348966458023, 0.3240616875666452]"
2023-01-18 00:00:00,0.09452364312816672,"[0.38722216565004713, 0.2793908848568354, 0.3333869494931175]"
2023-01-19 00:00:00,0.1012910852634722,"[0.3850957004392301, 0.2805299134642669, 0.334374386096503]"
2023-01-20 00:00:00,0.1125622713746789,"[0.3790844622794814, 0.2830294368276523, 0.33788610089286636]"
2023-01-30 00:00:00,0.11724742707132449,"[0.37903321550182884, 0.2845788686138161, 0.33638791588435496]"
2023-01-31 00:00:00,0.11342515142350576,"[0.3800861226620387, 0.2843941951400506, 0.33551968219791084]"
2023-02-01 00:00:00,0.12786352333328552,"[0.3694728543482255, 0.28516766647604086, 0.34535947917573356]"
2023-02-02 00:00:00,0.12495170474927991,"[0.36701138470048555, 0.2828731670959855, 0.350115448203529]"
2023-02-03 00:00:00,0.11744333336716255,"[0.3688370192880067, 0.28277560863265216, 0.3483873720793412]"
2023-02-06 00:00:00,0.10616553354990282,"[0.3715669496173414, 0.28179788651586474, 0.3466351638667939]"
2023-02-07 00:00:00,0.11823396487476236,"[0.37739092034298277, 0.28039906496211014, 0.3422100146949072]"
2023-02-08 00:00:00,0.11102219301141258,"[0.4122107751600704, 0.2488641926864427, 0.3389250321534869]"
2023-02-09 00:00:00,0.12568795844291003,"[0.40532540978804776, 0.2527194207637669, 0.34195516944818544]"
2023-02-10 00:00:00,0.12231986264378324,"[0.40145208245829916, 0.2590406634413716, 0.3395072541003291]"
2023-02-13 00:00:00,0.13251036925796275,"[0.39968690853861877, 0.26011328798863276, 0.3401998034727485]"
2023-02-14 00:00:00,0.13494474945488766,"[0.4010549676486333, 0.2565225598485563, 0.34242247250281055]"
2023-02-15 00:00:00,0.13588889826567888,"[0.39960809352895815, 0.2573009007415396, 0.3430910057295022]"
2023-02-16 00:00:00,0.12652849804292718,"[0.40252901238568217, 0.25552297055519896, 0.3419480170591189]"
2023-02-17 00:00:00,0.11520105742242534,"[0.4071499831822745, 0.2592653658602516, 0.3335846509574738]"
2023-02-20 00:00:00,0.14253761256898234,"[0.39822128213418895, 0.270279898236694, 0.33149881962911715]"
2023-02-21 00:00:00,0.14817262826687988,"[0.40088613866082484, 0.2697194184683773, 0.3293944428707979]"
2023-02-22 00:00:00,0.14422537517264558,"[0.4037460590371266, 0.2668590923891066, 0.3293948485737668]"
2023-02-23 00:00:00,0.13964074586251493,"[0.4057333612783355, 0.26580789770005536, 0.32845874102160916]"
2023-02-24 00:00:00,0.1337677581513483,"[0.3979596627013586, 0.26293336629045366, 0.3391069710081877]"
2023-02-27 00:00:00,0.12883886076771728,"[0.40052247143446845, 0.26269941630885163, 0.3367781122566799]"
2023-02-28 00:00:00,0.1378310226100129,"[0.39502651191821764, 0.2711709885391912, 0.3338024995425912]"
2023-03-01 00:00:00,0.1530055295881516,"[0.3875570366552003, 0.27819155701929926, 0.3342514063255005]"
2023-03-02 00:00:00,0.1566095569702928,"[0.38593131278082565, 0.28287849371277485, 0.3311901935063994]"
2023-03-03 00:00:00,0.16392182126701635,"[0.38647754730987094, 0.2832484658871008, 0.3302739868030283]"
2023-03-06 00:00:00,0.15915289548018946,"[0.3878780300598579, 0.28216354264799975, 0.3299584272921424]"
2023-03-07 00:00:00,0.1443445809214849,"[0.3854673515302938, 0.2797977901032227, 0.33473485836648353]"
2023-03-08 00:00:00,0.14665625770829496,"[0.38352857121217804, 0.2862153173633936, 0.3302561114244283]"
2023-03-09 00:00:00,0.14220190199456637,"[0.3838042448426796, 0.28607684152123625, 0.33011891363608414]"
2023-03-10 00:00:00,0.12852604250787233,"[0.3885842926550631, 0.27877124627852856, 0.33264446106640827]"
2023-03-13 00:00:00,0.14354441127971185,"[0.3946876195710666, 0.27616530280711604, 0.32914707762181733]"
2023-03-14 00:00:00,0.13590074250261627,"[0.3924036618421014, 0.270762161133829, 0.3368341770240696]"
2023-03-15 00:00:00,0.14112826690574684,"[0.39599353971687606, 0.26708321303568705, 0.3369232472474368]"
2023-03-16 00:00:00,0.12782670788983816,"[0.4015338310200727, 0.2657287784934265, 0.33273739048650086]"
2023-03-17 00:00:00,0.1358433690492864,"[0.4020571456158789, 0.26588988599576485, 0.33205296838835624]"
2023-03-20 00:00:00,0.13019547939339948,"[0.4002943605808807, 0.2695242584151147, 0.3301813810040047]"
2023-03-21 00:00:00,0.13909776652309677,"[0.39485710392427137, 0.270618411413084, 0.33452448466264467]"
2023-03-22 00:00:00,0.1448569510422449,"[0.38906784419544926, 0.28750841420151796, 0.3234237416030329]"
2023-03-23 00:00:00,0.1540493596170905,"[0.39232085272380296, 0.28972045397765717, 0.3179586932985398]"
2023-03-24 00:00:00,0.14908666255264585,"[0.3962469718419937, 0.2841818985875848, 0.31957112957042155]"
2023-03-27 00:00:00,0.1430132027141228,"[0.3956596150136487, 0.2827798795206958, 0.32156050546565557]"
2023-03-28 00:00:00,0.14375596638565735,"[0.39528240940620474, 0.2850560770769122, 0.31966151351688304]"
2023-03-29 00:00:00,0.14061285940444251,"[0.39732522578558127, 0.28204825565991687, 0.3206265185545019]"
2023-03-30 00:00:00,0.14573680607667308,"[0.3994350500333569, 0.27891940771307644, 0.32164554225356673]"
2023-03-31 00:00:00,0.15268768355073287,"[0.4006260446265059, 0.2753187997868812, 0.32405515558661296]"
2023-04-03 00:00:00,0.1664831628010547,"[0.4014212468575744, 0.270804180257943, 0.32777457288448264]"
2023-04-04 00:00:00,0.17886097231517897,"[0.39658552549846543, 0.2779252016524512, 0.32548927284908347]"
2023-04-06 00:00:00,0.18136000643919636,"[0.39763283319951404, 0.26555134955786347, 0.33681581724262255]"
2023-04-07 00:00:00,0.1875622832453114,"[0.3961587351832301, 0.26617733077007666, 0.3376639340466933]"
2023-04-10 00:00:00,0.1827942154792875,"[0.4012780451795929, 0.266909304224602, 0.33181265059580517]"
2023-04-11 00:00:00,0.18721307903024093,"[0.39613497474848447, 0.2691742723993992, 0.33469075285211636]"
2023-04-12 00:00:00,0.19326860246916877,"[0.39940112675155537, 0.2666381365903917, 0.333960736658053]"
2023-04-13 00:00:00,0.18502444987573177,"[0.40514980403841916, 0.26136979246347974, 0.33348040349810115]"
2023-04-14 00:00:00,0.19123433159086425,"[0.4068372686339654, 0.2596536562524976, 0.33350907511353706]"
2023-04-17 00:00:00,0.19978494258234544,"[0.4066239142121569, 0.26321288372196067, 0.33016320206588246]"
2023-04-18 00:00:00,0.19939823615549931,"[0.41018186667437173, 0.26762159530565444, 0.32219653801997394]"
2023-04-19 00:00:00,0.19138914073171995,"[0.40828307091604515, 0.26859094747295836, 0.3231259816109965]"
2023-04-20 00:00:00,0.1917445213006187,"[0.416035702489383, 0.26097630959055135, 0.3229879879200657]"
2023-04-21 00:00:00,0.16913490117709695,"[0.41690663038198733, 0.2605354787774809, 0.3225578908405318]"
2023-04-24 00:00:00,0.15917694582400957,"[0.38099788617561275, 0.288922623455291, 0.33007949036909634]"
2023-04-25 00:00:00,0.15170491477483247,"[0.3817184873717684, 0.2783996173175263, 0.3398818953107053]"
2023-04-26 00:00:00,0.14895886507622996,"[0.3811463591223761, 0.2940005825437635, 0.3248530583338604]"
2023-04-27 00:00:00,0.15403650242951253,"[0.382321787388761, 0.2930992108247908, 0.3245790017864483]"
2023-04-28 00:00:00,0.167924774289305,"[0.3824053777135886, 0.29120837678994477, 0.32638624549646666]"
2023-05-04 00:00:00,0.17385630397071072,"[0.3724124134064153, 0.29894427056524286, 0.32864331602834185]"
2023-05-05 00:00:00,0.1682668895831064,"[0.37238754492378195, 0.2967027026458173, 0.3309097524304007]"
2023-05-08 00:00:00,0.1806411120007148,"[0.3745942008307479, 0.29517005878871083, 0.3302357403805413]"
2023-05-09 00:00:00,0.17451515654897407,"[0.3585695019125985, 0.3006826754289746, 0.340747822658427]"
2023-05-10 00:00:00,0.16651492699368,"[0.34932741392898825, 0.3008472511291696, 0.34982533494184204]"
2023-05-11 00:00:00,0.1637168803375192,"[0.3470487069830786, 0.29101204416828313, 0.3619392488486382]"
2023-05-12 00:00:00,0.1492590617391504,"[0.3484485638831504, 0.2902459285644978, 0.36130550755235186]"
2023-05-15 00:00:00,0.16220349651646543,"[0.34636240862919593, 0.29038778156789125, 0.36324980980291277]"
2023-05-16 00:00:00,0.15699552277104079,"[0.3442021763369519, 0.29640458328296126, 0.35939324038008696]"
2023-05-17 00:00:00,0.15391377056031053,"[0.3384360628591083, 0.30166488948652953, 0.35989904765436226]"
2023-05-18 00:00:00,0.15392385738949224,"[0.33751728101656114, 0.30252690000064625, 0.3599558189827926]"
2023-05-19 00:00:00,0.15135332811020097,"[0.3405290633973836, 0.3030664770806484, 0.356404459521968]"
2023-05-22 00:00:00,0.15552560241188707,"[0.33550089232872915, 0.29989177975865877, 0.3646073279126121]"
2023-05-23 00:00:00,0.14243145805778612,"[0.33058991562970436, 0.31777694527501515, 0.35163313909528054]"
2023-05-24 00:00:00,0.12770656908933187,"[0.33547906567585384, 0.31354061618472207, 0.35098031813942404]"
2023-05-25 00:00:00,0.12473761639913099,"[0.33559076621926964, 0.30889329664243015, 0.3555159371383002]"
2023-05-26 00:00:00,0.13190789883446674,"[0.3366504554295767, 0.30788313865177114, 0.35546640591865214]"
2023-05-29 00:00:00,0.13025945679531908,"[0.33206000526345203, 0.3100780046926422, 0.3578619900439059]"
2023-05-30 00:00:00,0.13393568054691002,"[0.33209084969028513, 0.3112125603160689, 0.356696589993646]"
2023-05-31 00:00:00,0.13062537193740587,"[0.33271860234390077, 0.30877025119228274, 0.3585111464638164]"
2023-06-01 00:00:00,0.13114252383836633,"[0.3310075908399712, 0.3075530827932914, 0.36143932636673737]"
2023-06-02 00:00:00,0.14390533910778647,"[0.3241945439404714, 0.30708262119635726, 0.36872283486317137]"
2023-06-05 00:00:00,0.13774972871011973,"[0.3352139574201482, 0.3093353447555717, 0.3554506978242801]"
2023-06-06 00:00:00,0.12612172158257776,"[0.3361900871767692, 0.30193298061912643, 0.36187693220410433]"
2023-06-07 00:00:00,0.12330020526943401,"[0.33716163123141674, 0.3073568669512011, 0.3554815018173822]"
2023-06-08 00:00:00,0.12706330956107684,"[0.35249333951823125, 0.2898737005686242, 0.3576329599131444]"
2023-06-09 00:00:00,0.13140411533083862,"[0.34777589878241677, 0.2959500495338035, 0.3562740516837798]"
2023-06-12 00:00:00,0.12866899232819276,"[0.3431753859846209, 0.29019568570369686, 0.3666289283116822]"
2023-06-13 00:00:00,0.1314952872048334,"[0.3427158004481332, 0.2914194444303235, 0.3658647551215433]"
2023-06-14 00:00:00,0.13317178446264186,"[0.34176696329113404, 0.296025957496715, 0.36220707921215106]"
2023-06-15 00:00:00,0.14410689614515046,"[0.34485256710683876, 0.28771111732736754, 0.36743631556579365]"
2023-06-16 00:00:00,0.15157085885918625,"[0.35146498860496617, 0.28825500474181076, 0.360280006653223]"
2023-06-19 00:00:00,0.14660379528345874,"[0.3524240457824951, 0.2884167479638145, 0.3591592062536905]"
2023-06-20 00:00:00,0.1439365248066703,"[0.3717106013252581, 0.2801451428031159, 0.3481442558716259]"
2023-06-21 00:00:00,0.12869614647136787,"[0.3835185910285735, 0.27645874072508575, 0.34002266824634064]"
2023-06-26 00:00:00,0.11324227157665996,"[0.35737930919913474, 0.3013643191394902, 0.34125637166137507]"
2023-06-27 00:00:00,0.1281016066940147,"[0.3456146014820671, 0.30557363166538165, 0.3488117668525513]"
2023-06-28 00:00:00,0.12799346899898362,"[0.3486528282749282, 0.306362814025166, 0.3449843576999058]"
2023-06-29 00:00:00,0.12604507913727162,"[0.34723532827168085, 0.3055744381326054, 0.3471902335957137]"
2023-06-30 00:00:00,0.1310129699157814,"[0.35175781966583775, 0.3040058073393491, 0.34423637299481324]"
2023-07-03 00:00:00,0.14508195296663415,"[0.3508476554964038, 0.307356781369507, 0.34179556313408926]"
2023-07-04 00:00:00,0.14728937396404046,"[0.35622129350861625, 0.3120616735618164, 0.33171703292956733]"
2023-07-05 00:00:00,0.14115854371032321,"[0.35670728462422935, 0.3122238340818517, 0.331068881293919]"
2023-07-06 00:00:00,0.13440435916090898,"[0.3486576284963392, 0.32133747102645777, 0.3300049004772031]"
2023-07-07 00:00:00,0.12908845088387208,"[0.34591649318738693, 0.3235917350086671, 0.33049177180394596]"
2023-07-10 00:00:00,0.1328801776411244,"[0.3430973104232132, 0.32589131045005126, 0.33101137912673556]"
2023-07-11 00:00:00,0.1388583001877453,"[0.34313329910995877, 0.32554616895603355, 0.3313205319340076]"
2023-07-12 00:00:00,0.13040429394407269,"[0.3500845474680935, 0.3256005949290145, 0.324314857602892]"
2023-07-13 00:00:00,0.14400163713352127,"[0.34334381660127744, 0.33126480971860656, 0.325391373680116]"
2023-07-14 00:00:00,0.14573839157430474,"[0.339165003456874, 0.3327595720810943, 0.3280754244620316]"
2023-07-17 00:00:00,0.14067052912588213,"[0.3364258405022274, 0.3331304096671795, 0.3304437498305931]"
2023-07-18 00:00:00,0.1380407377565263,"[0.3396013598656993, 0.3325309885376417, 0.32786765159665904]"
2023-07-19 00:00:00,0.13680026141349783,"[0.3308922100584108, 0.3332794259018932, 0.33582836403969607]"
2023-07-20 00:00:00,0.12848907660253217,"[0.3234202397443603, 0.3459719345742865, 0.33060782568135316]"
2023-07-21 00:00:00,0.12875794326423387,"[0.31687957928495547, 0.34525249429337956, 0.3378679264216649]"
2023-07-24 00:00:00,0.12600983192851734,"[0.3155953363166334, 0.34669769744744966, 0.33770696623591706]"
2023-07-25 00:00:00,0.1531684380576644,"[0.31542747050338305, 0.35069160598993815, 0.3338809235066788]"
2023-07-26 00:00:00,0.15168554214123048,"[0.34435720180453455, 0.3407611135732596, 0.3148816846222058]"
2023-07-27 00:00:00,0.1487945618749658,"[0.34214237270828013, 0.34460868512252457, 0.31324894216919524]"
2023-07-28 00:00:00,0.17059901029349445,"[0.3434532242654412, 0.34506027970422765, 0.31148649603033113]"
2023-07-31 00:00:00,0.18003978911606383,"[0.3479826807811874, 0.3461398816362101, 0.30587743758260255]"
2023-08-01 00:00:00,0.17769051272269343,"[0.3482509286840138, 0.3443279887996947, 0.3074210825162915]"
2023-08-02 00:00:00,0.17383324412697745,"[0.349647274205502, 0.34464029204002183, 0.3057124337544762]"
2023-08-03 00:00:00,0.17954266450074938,"[0.3469415472681932, 0.3488498062991494, 0.30420864643265755]"
2023-08-04 00:00:00,0.1805105938499548,"[0.3440961741845288, 0.3501290114002636, 0.30577481441520765]"
2023-08-07 00:00:00,0.16996937460665051,"[0.35729447096647926, 0.3411051644045627, 0.30160036462895806]"
2023-08-08 00:00:00,0.16789051996508172,"[0.3656088752606294, 0.34505749633693344, 0.28933362840243715]"
2023-08-09 00:00:00,0.16536585258822026,"[0.36275387462208936, 0.3505137710316118, 0.28673235434629885]"
2023-08-10 00:00:00,0.16803445454669413,"[0.3638149861729195, 0.3514733392305096, 0.2847116745965709]"
2023-08-11 00:00:00,0.14716275489656772,"[0.36359692697200724, 0.35090121817382547, 0.28550185485416735]"
2023-08-14 00:00:00,0.14513927197487414,"[0.363787622847652, 0.3476838304039473, 0.2885285467484006]"
2023-08-15 00:00:00,0.144058406894587,"[0.36315270775598957, 0.3455482546292071, 0.29129903761480347]"
2023-08-16 00:00:00,0.13787426521966428,"[0.36330257613614486, 0.3451061456301129, 0.29159127823374237]"
2023-08-17 00:00:00,0.14411687097782677,"[0.36476068080836316, 0.3452374477106694, 0.2900018714809675]"
2023-08-18 00:00:00,0.12780458329202468,"[0.36591788350182364, 0.3447612375265403, 0.289320878971636]"
2023-08-21 00:00:00,0.11149086280671101,"[0.3648452831757455, 0.34111604875745916, 0.2940386680667953]"
2023-08-22 00:00:00,0.11993737718931179,"[0.3678450484048519, 0.332228057542741, 0.2999268940524072]"
2023-08-23 00:00:00,0.10197653195665657,"[0.3674152489752564, 0.3290036456321767, 0.3035811053925669]"
2023-08-24 00:00:00,0.09972104853845286,"[0.3678862425103649, 0.3288891043023069, 0.30322465318732833]"
2023-08-25 00:00:00,0.09271453372697203,"[0.37520690745488505, 0.32136723652103316, 0.30342585602408184]"
2023-08-28 00:00:00,0.10249307434488912,"[0.3718137883521065, 0.3233986932625004, 0.30478751838539303]"
2023-08-29 00:00:00,0.11329098359732985,"[0.37413535163723566, 0.3253482123088742, 0.30051643605389017]"
2023-08-30 00:00:00,0.1128027153699917,"[0.3601831157868354, 0.3360462865342472, 0.30377059767891756]"
2023-08-31 00:00:00,0.10649169584350675,"[0.3598453774438835, 0.3361509304411599, 0.30400369211495665]"
2023-09-01 00:00:00,0.11475171241660531,"[0.36464018962681927, 0.33446708682666054, 0.3008927235465203]"
2023-09-04 00:00:00,0.13306706298433035,"[0.36865266118743645, 0.32950031406290203, 0.3018470247496616]"
2023-09-05 00:00:00,0.12598086413399726,"[0.37743105880323774, 0.31698904568299935, 0.305579895513763]"
2023-09-06 00:00:00,0.12354428193366182,"[0.3686696466815311, 0.3128992424451828, 0.31843111087328607]"
2023-09-07 00:00:00,0.10781142710512207,"[0.3687251426342408, 0.3127547211176165, 0.3185201362481428]"
2023-09-08 00:00:00,0.10769714345082694,"[0.37000077044988167, 0.31132566335975675, 0.3186735661903615]"
2023-09-11 00:00:00,0.11425150636126893,"[0.3681466539744614, 0.30189260809231405, 0.3299607379332245]"
2023-09-12 00:00:00,0.11385520501127082,"[0.36506182301331125, 0.3109853038107866, 0.3239528731759021]"
2023-09-13 00:00:00,0.10369140785190796,"[0.3642994888674249, 0.311410791552909, 0.3242897195796661]"
2023-09-14 00:00:00,0.09985649221113266,"[0.3602670610906785, 0.31408244337439856, 0.32565049553492287]"
2023-09-15 00:00:00,0.09587132479889778,"[0.3627866415838265, 0.31101889373749253, 0.32619446467868096]"
2023-09-18 00:00:00,0.10319812466167828,"[0.36586568332219693, 0.3092819589776764, 0.32485235770012677]"
2023-09-19 00:00:00,0.0985165199833865,"[0.3691750726968084, 0.3055571691895569, 0.3252677581136348]"
2023-09-20 00:00:00,0.0960703003797119,"[0.3682757108434294, 0.30594277430619077, 0.32578151485037976]"
2023-09-21 00:00:00,0.08693294476988098,"[0.3680391508071031, 0.305560936698948, 0.3263999124939489]"
2023-09-22 00:00:00,0.1094711865838425,"[0.37032445191701874, 0.303643854505742, 0.3260316935772394]"
2023-09-25 00:00:00,0.10407834409440944,"[0.36411263245477593, 0.30393142891600966, 0.3319559386292144]"
2023-09-26 00:00:00,0.09783856290838237,"[0.3646635219154489, 0.3046577456673657, 0.3306787324171854]"
2023-09-27 00:00:00,0.10064044957766212,"[0.3662042323648576, 0.3024057856778895, 0.3313899819572529]"
2023-09-28 00:00:00,0.10090633560252821,"[0.36676059717782794, 0.3012608504891255, 0.33197855233304663]"
2023-10-09 00:00:00,0.10070589261184078,"[0.36436436890319235, 0.3056529539679673, 0.3299826771288404]"
2023-10-10 00:00:00,0.09581474719164183,"[0.3675352421317105, 0.3044680902378999, 0.3279966676303896]"
2023-10-11 00:00:00,0.10169160121199969,"[0.36766695208659145, 0.31025116091497756, 0.322081886998431]"
2023-10-12 00:00:00,0.11125446292306454,"[0.3644284296068456, 0.3132983840821107, 0.3222731863110437]"
2023-10-13 00:00:00,0.10216056620444773,"[0.3651368106192632, 0.3162797459784536, 0.31858344340228323]"
2023-10-16 00:00:00,0.0894375888033188,"[0.3698980927720582, 0.3140671084079216, 0.3160347988200202]"
2023-10-17 00:00:00,0.09179372241384594,"[0.3893533732180718, 0.29478446505930617, 0.315862161722622]"
2023-10-18 00:00:00,0.08362926219869864,"[0.38545272024866234, 0.2914110095117384, 0.32313627023959923]"
2023-10-19 00:00:00,0.06423794861930021,"[0.401190692882465, 0.2820074648793579, 0.3168018422381772]"
2023-10-20 00:00:00,0.05670163295548844,"[0.3994944721862863, 0.28293618405308996, 0.3175693437606236]"
2023-10-23 00:00:00,0.04141110592071215,"[0.3941881421221679, 0.2838925974303036, 0.32191926044752844]"
2023-10-24 00:00:00,0.04652484721093294,"[0.3821209560485512, 0.29002950732568017, 0.3278495366257687]"
2023-10-25 00:00:00,0.06076357341025465,"[0.36067145582894, 0.3115691801095599, 0.3277593640615]"
2023-10-26 00:00:00,0.06436068615742495,"[0.3875854133976456, 0.278006633039797, 0.3344079535625575]"
2023-10-27 00:00:00,0.0790112826865157,"[0.3870179712275273, 0.27776923620527655, 0.3352127925671962]"
2023-10-30 00:00:00,0.0885362626349783,"[0.3670046156485266, 0.2924899889986375, 0.340505395352836]"
2023-10-31 00:00:00,0.08075770797477103,"[0.3668082146606248, 0.2923182013538451, 0.34087358398553014]"
2023-11-01 00:00:00,0.07575154403917447,"[0.36937910335639185, 0.2863155550828624, 0.3443053415607458]"
2023-11-02 00:00:00,0.0683984375781887,"[0.3695626652384914, 0.28594012480949005, 0.34449720995201855]"
2023-11-03 00:00:00,0.07707313077876625,"[0.37301197964565186, 0.2828325789870448, 0.34415544136730336]"
2023-11-06 00:00:00,0.08999311172716612,"[0.3704097226699971, 0.2862810893786106, 0.34330918795139226]"
2023-11-07 00:00:00,0.08830377964314,"[0.3676278677478597, 0.29792690095031416, 0.33444523130182624]"
2023-11-08 00:00:00,0.0872998217421662,"[0.3646408984574156, 0.30083416809275326, 0.3345249334498312]"
2023-11-09 00:00:00,0.08809103857857031,"[0.3667085462601472, 0.29951647872947235, 0.33377497501038045]"
2023-11-10 00:00:00,0.0793610704906003,"[0.36657809080591164, 0.2986990893414917, 0.3347228198525966]"
2023-11-13 00:00:00,0.08197974074476344,"[0.3650345861321372, 0.2996729462055231, 0.33529246766233967]"
2023-11-14 00:00:00,0.08526505851150705,"[0.367946661021034, 0.2971739729082583, 0.3348793660707078]"
2023-11-15 00:00:00,0.0916286278370394,"[0.3675589137437534, 0.29595518893217676, 0.33648589732406986]"
2023-11-16 00:00:00,0.08273547985218987,"[0.3699546001142917, 0.29801594133062426, 0.3320294585550841]"
2023-11-17 00:00:00,0.0810600341303603,"[0.36804798505405406, 0.3022638908087968, 0.3296881241371491]"
2023-11-20 00:00:00,0.08437540267449373,"[0.36798662341151445, 0.3019912737134459, 0.33002210287503964]"
2023-11-21 00:00:00,0.0865148669884141,"[0.3675095970255517, 0.3008814013119349, 0.33160900166251334]"
2023-11-22 00:00:00,0.07632544914014824,"[0.36813062211062214, 0.2962388999737278, 0.33563047791565004]"
2023-11-23 00:00:00,0.0825837415666978,"[0.36903362407400697, 0.29805160445312484, 0.3329147714728682]"
2023-11-24 00:00:00,0.07632989740164427,"[0.3738499238034197, 0.29019892138301084, 0.33595115481356946]"
2023-11-27 00:00:00,0.06823692075728977,"[0.3675472721547762, 0.2959282055891191, 0.33652452225610474]"
2023-11-28 00:00:00,0.07132971834076365,"[0.35853565518383324, 0.30439837496952754, 0.33706596984663917]"
2023-11-29 00:00:00,0.061015622690265246,"[0.3584101289280666, 0.3074057967610936, 0.33418407431083985]"
2023-11-30 00:00:00,0.06109705817065825,"[0.3601979169501, 0.3089671117823812, 0.3308349712675188]"
2023-12-01 00:00:00,0.060512829036542745,"[0.35499619535546884, 0.31199845789342684, 0.3330053467511044]"
2023-12-04 00:00:00,0.05430373162917183,"[0.35744528797503106, 0.3092835070826314, 0.3332712049423376]"
2023-12-05 00:00:00,0.03638718826075975,"[0.36419008183199786, 0.3116107256905841, 0.3241991924774181]"
2023-12-06 00:00:00,0.03892160398319446,"[0.3718575590492287, 0.3083707423863211, 0.3197716985644502]"
2023-12-07 00:00:00,0.03717411079464576,"[0.3359535337646586, 0.3646614253228436, 0.29938504091249774]"
2023-12-08 00:00:00,0.041131201910719575,"[0.33496664166131435, 0.3675450310058349, 0.2974883273328508]"
2023-12-11 00:00:00,0.04688237119701449,"[0.3597109499177993, 0.3452521303206488, 0.2950369197615519]"
2023-12-12 00:00:00,0.05077757073863765,"[0.3538892696667668, 0.3532608089737228, 0.29284992135951043]"
2023-12-13 00:00:00,0.03506101623947303,"[0.3437627760089761, 0.36422064885569844, 0.29201657513532553]"
2023-12-14 00:00:00,0.029153112553988402,"[0.3492721808559838, 0.3599892394984439, 0.29073857964557226]"
2023-12-15 00:00:00,0.029581181736934133,"[0.3540348470006345, 0.3564340334683994, 0.28953111953096605]"
2023-12-18 00:00:00,0.022666578617780948,"[0.3604047395752576, 0.34960661779824165, 0.28998864262650076]"
2023-12-19 00:00:00,0.02191535780794754,"[0.37423404096048446, 0.3219190487056675, 0.30384691033384814]"
2023-12-20 00:00:00,0.008909148339847553,"[0.3723550713729835, 0.32280122428518787, 0.30484370434182856]"
2023-12-21 00:00:00,0.018526083731104946,"[0.37139061099309895, 0.3251009096835411, 0.30350847932336006]"
2023-12-22 00:00:00,0.01733038685574696,"[0.35507623000918037, 0.3398981537120274, 0.30502561627879227]"
2023-12-25 00:00:00,0.02664682292283549,"[0.3539880685144755, 0.33996218431358793, 0.3060497471719365]"
2023-12-26 00:00:00,0.017626084321981962,"[0.3759369872766673, 0.3041888658207694, 0.3198741469025633]"
2023-12-27 00:00:00,0.020067367093983136,"[0.37935906875885905, 0.2993737249282849, 0.32126720631285605]"
2023-12-28 00:00:00,0.04436525019076542,"[0.37023431152409053, 0.29820412246880407, 0.33156156600710546]"
2023-12-29 00:00:00,0.049104890558711936,"[0.3580767895100248, 0.33349708341702494, 0.30842612707295025]"
2024-01-02 00:00:00,0.04036154373810059,"[0.3575343039176214, 0.33656517172212297, 0.3059005243602556]"
2024-01-03 00:00:00,0.039031152931097726,"[0.35335422460967436, 0.3436191133120557, 0.30302666207826995]"
2024-01-04 00:00:00,0.03082915075995219,"[0.35024920314742286, 0.34918852381787435, 0.30056227303470284]"
2024-01-05 00:00:00,0.020880164391884275,"[0.3522492325506384, 0.349236436427681, 0.29851433102168073]"
2024-01-08 00:00:00,0.007980290556664868,"[0.35026476110775423, 0.34529267326926544, 0.30444256562298033]"
2024-01-09 00:00:00,0.013179355437659485,"[0.3482887886577092, 0.3457415747278885, 0.30596963661440224]"
2024-01-10 00:00:00,0.007924973534658963,"[0.3492837412582858, 0.34713847199250814, 0.30357778674920616]"
2024-01-11 00:00:00,0.015595403823931406,"[0.3474170198141886, 0.3470790466164259, 0.3055039335693856]"
2024-01-12 00:00:00,0.012293064124098146,"[0.34685906993065624, 0.3497284082547458, 0.3034125218145979]"
2024-01-15 00:00:00,0.008857841996668565,"[0.3470211176052599, 0.3511325173142754, 0.30184636508046464]"
2024-01-16 00:00:00,0.012151088499073136,"[0.3481260169133413, 0.35076301336035864, 0.30111096972630014]"
2024-01-17 00:00:00,-0.01150884417682894,"[0.3487147026794234, 0.3520819654512862, 0.2992033318692904]"
2024-01-18 00:00:00,-0.0008235917035078217,"[0.34475922848320195, 0.35069570796352545, 0.30454506355327265]"
2024-01-19 00:00:00,-0.0062316335668240585,"[0.34412682356713326, 0.349293241097274, 0.30657993533559286]"
2024-01-22 00:00:00,-0.03005414500053144,"[0.3453179462554893, 0.3470011836621685, 0.3076808700823422]"
2024-01-23 00:00:00,-0.02180678042303573,"[0.3379316183176108, 0.34417513609970835, 0.3178932455826809]"
2024-01-24 00:00:00,-0.00040588209813058676,"[0.33731752526842423, 0.34787994884895085, 0.31480252588262486]"
2024-01-25 00:00:00,0.03592966110577664,"[0.34499709268724366, 0.32506261370691486, 0.3299402936058415]"
2024-01-26 00:00:00,0.033596473749724805,"[0.3626150199120184, 0.28182031137486685, 0.3555646687131149]"
2024-01-29 00:00:00,0.024896301741075145,"[0.3612461594306936, 0.28280367322911637, 0.3559501673401901]"
2024-01-30 00:00:00,0.005785169559459631,"[0.3595908249191564, 0.28617710695811094, 0.35423206812273267]"
2024-01-31 00:00:00,-0.017795193542216984,"[0.3582446019633084, 0.28993919245169836, 0.3518162055849933]"
2024-02-01 00:00:00,-0.0187857217367967,"[0.36291808623463045, 0.2879342149139199, 0.3491476988514496]"
2024-02-02 00:00:00,-0.03991537437309721,"[0.362402085342095, 0.28693410610760944, 0.35066380855029555]"
2024-02-05 00:00:00,-0.048571990886680655,"[0.3621494189295747, 0.2830572990078275, 0.35479328206259775]"
2024-02-06 00:00:00,0.002542070925901828,"[0.3607361139072942, 0.28316500842017067, 0.35609887767253506]"
2024-02-07 00:00:00,0.02930725434941072,"[0.34530343148453946, 0.3123793548418135, 0.34231721367364704]"
2024-02-08 00:00:00,0.04558305584865702,"[0.3542962870126835, 0.2979039584889449, 0.34779975449837164]"
2024-02-19 00:00:00,0.05614910032570843,"[0.3545504826768646, 0.29773039114932476, 0.3477191261738107]"
2024-02-20 00:00:00,0.057544288158548965,"[0.35240334198830814, 0.29070546239445283, 0.35689119561723903]"
2024-02-21 00:00:00,0.06693820225233227,"[0.3520111362767118, 0.29021050655782865, 0.3577783571654596]"
2024-02-22 00:00:00,0.07863347959221811,"[0.3536245659759352, 0.2899539803975774, 0.35642145362648736]"
2024-02-23 00:00:00,0.08384936545229933,"[0.35364847010133166, 0.28905673544589705, 0.35729479445277135]"
2024-02-26 00:00:00,0.07938751244215451,"[0.35269272007730934, 0.2882651925534306, 0.3590420873692602]"
2024-02-27 00:00:00,0.09195646740441092,"[0.3517351652628942, 0.28987376047533353, 0.3583910742617723]"
2024-02-28 00:00:00,0.07604817917286821,"[0.3506596029381726, 0.2923057131209364, 0.35703468394089094]"
2024-02-29 00:00:00,0.10296282306053722,"[0.34930726827920955, 0.2915370483019149, 0.35915568341887555]"
2024-03-01 00:00:00,0.11406712575542886,"[0.34743424277809754, 0.29467610954351553, 0.357889647678387]"
2024-03-04 00:00:00,0.11065931371130996,"[0.3481536934098586, 0.29518483950207003, 0.3566614670880714]"
2024-03-05 00:00:00,0.11241468895021134,"[0.34900081828005186, 0.294963067278206, 0.35603611444174205]"
2024-03-06 00:00:00,0.11194327083260791,"[0.3482021815680871, 0.294911173771903, 0.35688664466001]"
2024-03-07 00:00:00,0.10607776348672929,"[0.3475192544297073, 0.29532591675411674, 0.35715482881617594]"
2024-03-08 00:00:00,0.11086772804965099,"[0.34658976794007873, 0.29679220791643773, 0.3566180241434836]"
2024-03-11 00:00:00,0.12447099524940575,"[0.3468130966077276, 0.2960244737977775, 0.35716242959449496]"
2024-03-12 00:00:00,0.12697989817972333,"[0.34556724664978167, 0.2994273292905966, 0.3550054240596217]"
2024-03-13 00:00:00,0.12223023883062886,"[0.34865094851747636, 0.2987464714731126, 0.3526025800094111]"
2024-03-14 00:00:00,0.11771644191166028,"[0.3503182236535508, 0.29795966414749925, 0.35172211219895]"
2024-03-15 00:00:00,0.11966701419634634,"[0.3492489678886962, 0.30119614883998197, 0.34955488327132184]"
2024-03-18 00:00:00,0.12822917940112472,"[0.3375666114407198, 0.3264050819222156, 0.33602830663706457]"
2024-03-19 00:00:00,0.12260723820496398,"[0.3366757029736408, 0.32694276860914384, 0.33638152841721536]"
2024-03-20 00:00:00,0.1234014982244344,"[0.33811429304358687, 0.3227392277149297, 0.33914647924148345]"
2024-03-21 00:00:00,0.12386766176481866,"[0.3389405967078557, 0.3180524034365275, 0.3430069998556167]"
2024-03-22 00:00:00,0.11383673868258698,"[0.3313641739732089, 0.3220111115815372, 0.346624714445254]"
2024-03-25 00:00:00,0.09997219113508515,"[0.3317097756905003, 0.3203149626194731, 0.34797526169002657]"
2024-03-26 00:00:00,0.1040064536395032,"[0.3330519871195885, 0.3184614508073651, 0.3484865620730464]"
2024-03-27 00:00:00,0.08811711902261708,"[0.33694704185439733, 0.3186275342451416, 0.344425423900461]"
2024-03-28 00:00:00,0.09580211584026907,"[0.3429235747734702, 0.3102957116732673, 0.3467807135532626]"
2024-03-29 00:00:00,0.10120981260492518,"[0.31501520188237025, 0.3579951037210364, 0.3269896943965935]"
2024-04-01 00:00:00,0.11991583603099748,"[0.31120353563171915, 0.3635145430043548, 0.32528192136392614]"
2024-04-02 00:00:00,0.11383041909925835,"[0.3219331159465479, 0.36035730924046994, 0.3177095748129822]"
2024-04-03 00:00:00,0.1106372475496159,"[0.32195304784656587, 0.36353751083741814, 0.31450944131601594]"
2024-04-08 00:00:00,0.09651012874638369,"[0.3182320917615551, 0.3631907285205329, 0.318577179717912]"
2024-04-09 00:00:00,0.10022175771770288,"[0.3164059931162603, 0.3635330064873582, 0.3200610003963815]"
2024-04-10 00:00:00,0.09020902780038959,"[0.31385713211423083, 0.36723092305229943, 0.3189119448334698]"
2024-04-11 00:00:00,0.09436171746635479,"[0.31828747453961365, 0.3691510208517504, 0.312561504608636]"
2024-04-12 00:00:00,0.08515176779889712,"[0.32399264553949864, 0.3581960013833349, 0.3178113530771664]"
2024-04-15 00:00:00,0.10516090739949475,"[0.32434944534783716, 0.3676342831835534, 0.3080162714686095]"
2024-04-16 00:00:00,0.0872226988006315,"[0.339388499731621, 0.3391090420478706, 0.3215024582205083]"
2024-04-17 00:00:00,0.11243712033235351,"[0.3361320169698676, 0.331103723738336, 0.3327642592917963]"
2024-04-18 00:00:00,0.11420309958367758,"[0.3378748341832079, 0.33817200445926754, 0.32395316135752455]"
2024-04-19 00:00:00,0.10708614721077148,"[0.3382055493052804, 0.33753609282606084, 0.32425835786865875]"
2024-04-22 00:00:00,0.10087819806399496,"[0.33917625778894334, 0.3417841408906552, 0.3190396013204016]"
2024-04-23 00:00:00,0.08997602495148913,"[0.3420845843185331, 0.33876278343256433, 0.3191526322489026]"
2024-04-24 00:00:00,0.10014327059560739,"[0.3488567104513005, 0.325953280626267, 0.32519000892243255]"
2024-04-25 00:00:00,0.10485674616529811,"[0.3532640473476781, 0.30918922855864955, 0.3375467240936723]"
2024-04-26 00:00:00,0.12355755817501061,"[0.3536232956579832, 0.3046606999292529, 0.3417160044127638]"
2024-04-29 00:00:00,0.13729154890056472,"[0.35187621840436795, 0.3160505340942418, 0.3320732475013903]"
2024-04-30 00:00:00,0.12669143130418353,"[0.35162519083669086, 0.32646676926893897, 0.3219080398943703]"
2024-05-06 00:00:00,0.14196820291923865,"[0.3558693709959506, 0.3229460473080389, 0.3211845816960105]"
2024-05-07 00:00:00,0.14369370449025248,"[0.3594026098068747, 0.32392323131589734, 0.31667415887722794]"
2024-05-08 00:00:00,0.13365026054755433,"[0.3600427286002301, 0.3242446637049378, 0.31571260769483206]"
2024-05-09 00:00:00,0.1466269216988181,"[0.36324392179398546, 0.3214624908621623, 0.3152935873438522]"
2024-05-10 00:00:00,0.15069412923665737,"[0.36219752961887053, 0.32142356915464765, 0.31637890122648177]"
2024-05-13 00:00:00,0.15382583958382692,"[0.36290178728202344, 0.3235858548146868, 0.31351235790328985]"
2024-05-14 00:00:00,0.15186063569958919,"[0.36519563204418787, 0.3288016208147496, 0.30600274714106246]"
2024-05-15 00:00:00,0.14162835558574371,"[0.3657582985785535, 0.3280921675886864, 0.3061495338327601]"
2024-05-16 00:00:00,0.1452196737516566,"[0.37254696169719465, 0.31406260128528213, 0.3133904370175233]"
2024-05-17 00:00:00,0.16412337281979378,"[0.3728509217455333, 0.3142625809273521, 0.3128864973271146]"
2024-05-20 00:00:00,0.16706814658256983,"[0.37449359846304775, 0.3132929010095244, 0.3122135005274278]"
2024-05-21 00:00:00,0.1617412220988804,"[0.3735495195136485, 0.31038499006952197, 0.3160654904168295]"
2024-05-22 00:00:00,0.16410277618448632,"[0.3732301368497707, 0.3076228821487413, 0.31914698100148814]"
2024-05-23 00:00:00,0.14745605642982973,"[0.377782876893669, 0.3052215491903272, 0.31699557391600375]"
2024-05-24 00:00:00,0.13793229382664496,"[0.3800883611831373, 0.30972903301181715, 0.31018260580504564]"
2024-05-27 00:00:00,0.14804302410299133,"[0.38284807876686805, 0.30984396817987714, 0.3073079530532547]"
2024-05-28 00:00:00,0.142998137931674,"[0.38103988540304823, 0.30699996267647156, 0.31196015192048027]"
2024-05-29 00:00:00,0.14533549980381955,"[0.38282875849657844, 0.30931282850567804, 0.3078584129977436]"
2024-05-30 00:00:00,0.13823789155385557,"[0.3840498603988153, 0.30796110450048614, 0.3079890351006987]"
2024-05-31 00:00:00,0.133488728128161,"[0.37907183010125267, 0.319655252336744, 0.30127291756200336]"
2024-06-03 00:00:00,0.13075198901881702,"[0.3895248711615979, 0.31355032794370197, 0.29692480089470014]"
2024-06-04 00:00:00,0.14206694363141317,"[0.3923104857483623, 0.30515148939396325, 0.3025380248576744]"
2024-06-05 00:00:00,0.13490770912859004,"[0.39205123896564964, 0.30788266401601116, 0.30006609701833925]"
2024-06-06 00:00:00,0.12457118509758583,"[0.3903714414239098, 0.3053010548115, 0.3043275037645903]"
2024-06-07 00:00:00,0.125199371177061,"[0.38164088566049115, 0.30511919425185524, 0.31323992008765367]"
2024-06-11 00:00:00,0.11771537541828601,"[0.3769799287734274, 0.31612180453991995, 0.3068982666866527]"
2024-06-12 00:00:00,0.11815966709746945,"[0.38194191017609647, 0.3141909496428204, 0.3038671401810832]"
2024-06-13 00:00:00,0.11047615164752944,"[0.377832988329825, 0.32012862118940666, 0.30203839048076836]"
2024-06-14 00:00:00,0.11716949083514357,"[0.3824785895656079, 0.31119682065820864, 0.30632458977618343]"
2024-06-17 00:00:00,0.11208664041269979,"[0.39051465456135775, 0.2931687496732669, 0.31631659576537524]"
2024-06-18 00:00:00,0.11828522593754869,"[0.3859094275180256, 0.29206176160527725, 0.32202881087669716]"
2024-06-19 00:00:00,0.11315388649878559,"[0.38734505230496175, 0.2840184429747307, 0.3286365047203075]"
2024-06-20 00:00:00,0.10153395246498469,"[0.3821417600610008, 0.2882546122045216, 0.32960362773447766]"
2024-06-21 00:00:00,0.10102789256030109,"[0.3785719333494443, 0.3005095162994351, 0.3209185503511206]"
2024-06-24 00:00:00,0.08817523177149761,"[0.3847777664522987, 0.3000825567516107, 0.31513967679609056]"
2024-06-25 00:00:00,0.08314932765669394,"[0.3660526512761254, 0.31543539335993337, 0.3185119553639412]"
2024-06-26 00:00:00,0.0946654070639711,"[0.36558208446471824, 0.3182074205458287, 0.31621049498945314]"
2024-06-27 00:00:00,0.08412524595245117,"[0.3567238428731379, 0.3260910823649713, 0.3171850747618909]"
2024-06-28 00:00:00,0.09401074017082549,"[0.3545029730787457, 0.32937965465657154, 0.3161173722646828]"
2024-07-01 00:00:00,0.10244436914299973,"[0.35009277398198635, 0.32128641169921307, 0.3286208143188006]"
2024-07-02 00:00:00,0.09845990596501265,"[0.3473306276839144, 0.32321060349265046, 0.3294587688234352]"
2024-07-03 00:00:00,0.0966606066301864,"[0.3503199990755443, 0.32301118709749915, 0.3266688138269565]"
2024-07-04 00:00:00,0.08661951044960195,"[0.35007820642738685, 0.32527096549240175, 0.3246508280802114]"
2024-07-05 00:00:00,0.09112817738006812,"[0.3506724295512463, 0.3231444699227138, 0.3261831005260399]"
2024-07-08 00:00:00,0.07733827338103554,"[0.3514802286083218, 0.31261674124658856, 0.33590303014508954]"
2024-07-09 00:00:00,0.09134857084217554,"[0.34364674041507987, 0.32326436969698025, 0.33308888988793983]"
2024-07-10 00:00:00,0.08711211502464546,"[0.34472934813759426, 0.32089010416360136, 0.33438054769880443]"
2024-07-11 00:00:00,0.11142357226871225,"[0.3419482088394072, 0.3156422492098811, 0.3424095419507117]"
2024-07-12 00:00:00,0.10725052162312725,"[0.3478594264871632, 0.31309854232036305, 0.3390420311924738]"
2024-07-15 00:00:00,0.10242004501663693,"[0.3480207753797007, 0.31159607151624175, 0.3403831531040576]"
2024-07-16 00:00:00,0.11039040579711992,"[0.3431947338849092, 0.31773173217889483, 0.3390735339361961]"
2024-07-17 00:00:00,0.10618312780846298,"[0.3465231896566846, 0.3177599690412636, 0.33571684130205176]"
2024-07-18 00:00:00,0.11197746294131238,"[0.35119734563623173, 0.30743700230190635, 0.3413656520618619]"
2024-07-19 00:00:00,0.11435333885875146,"[0.3479294452200173, 0.3052750509581403, 0.34679550382184243]"
2024-07-22 00:00:00,0.11285795628820419,"[0.348811794426049, 0.31007984461420063, 0.3411083609597504]"
2024-07-23 00:00:00,0.09003461447832345,"[0.3492945556990289, 0.30928012086691953, 0.34142532343405163]"
2024-07-24 00:00:00,0.08531412205814765,"[0.36157148309608805, 0.3018016788274061, 0.33662683807650584]"
2024-07-25 00:00:00,0.08364020117200498,"[0.36305904029549757, 0.3033411994643208, 0.33359976024018156]"
2024-07-26 00:00:00,0.08964376011317124,"[0.362362684740914, 0.30130855543708646, 0.33632875982199945]"
2024-07-29 00:00:00,0.08374921405958498,"[0.3604878282391236, 0.30506811664713035, 0.3344440551137461]"
2024-07-30 00:00:00,0.08129452650237286,"[0.36091371670433303, 0.3120808506770931, 0.32700543261857384]"
2024-07-31 00:00:00,0.10158530057333601,"[0.3617705824306339, 0.3115119002269341, 0.326717517342432]"
2024-08-01 00:00:00,0.09796991982682346,"[0.35296993353746625, 0.33535566505033676, 0.311674401412197]"
2024-08-02 00:00:00,0.0854121246409842,"[0.3522489269980923, 0.3306641978022752, 0.3170868751996325]"
2024-08-05 00:00:00,0.06711696566350245,"[0.35805390804392695, 0.3252517973478071, 0.31669429460826604]"
2024-08-06 00:00:00,0.07166000632590364,"[0.37298267494050863, 0.30951327161121506, 0.31750405344827637]"
2024-08-07 00:00:00,0.07238304389526598,"[0.37435531372456904, 0.3093744032172971, 0.3162702830581338]"
2024-08-08 00:00:00,0.06954429295527989,"[0.37945089384887704, 0.3049719144353774, 0.31557719171574555]"
2024-08-09 00:00:00,0.06559242616824323,"[0.38406911954905887, 0.3015957815961272, 0.3143350988548138]"
2024-08-12 00:00:00,0.06158106913841046,"[0.3849977545582048, 0.3053359448866207, 0.3096663005551745]"
2024-08-13 00:00:00,0.06325031419565917,"[0.3842524548132266, 0.30844949488122003, 0.3072980503055533]"
2024-08-14 00:00:00,0.05436949196745205,"[0.38423531781015313, 0.3075883875903565, 0.30817629459949036]"
2024-08-15 00:00:00,0.06429290262665477,"[0.3861753631564321, 0.30608938809619274, 0.30773524874737523]"
2024-08-16 00:00:00,0.06062504363234806,"[0.38333418330966906, 0.30819665562878334, 0.3084691610615476]"
2024-08-19 00:00:00,0.06569393835626908,"[0.38007831581341606, 0.3143359222869285, 0.3055857618996555]"
2024-08-20 00:00:00,0.05551177678121358,"[0.38611966798462144, 0.30275555802412835, 0.3111247739912502]"
2024-08-21 00:00:00,0.04912054726517299,"[0.3916463980598235, 0.30168184832815265, 0.3066717536120239]"
2024-08-22 00:00:00,0.036454958321254366,"[0.3910502293200138, 0.30202636900951296, 0.3069234016704732]"
2024-08-23 00:00:00,0.038241919957807,"[0.37900222577877973, 0.3135665231761524, 0.3074312510450679]"
2024-08-26 00:00:00,0.0384537478985473,"[0.37885193641075654, 0.3154510958001834, 0.3056969677890601]"
2024-08-27 00:00:00,0.031675222706446106,"[0.38373785914789554, 0.31309109362623955, 0.30317104722586496]"
2024-08-28 00:00:00,0.027098453344993653,"[0.37803413114570217, 0.3201404517302473, 0.30182541712405053]"
2024-08-29 00:00:00,0.026699282073990995,"[0.3752594544626017, 0.32406603045765386, 0.3006745150797445]"
2024-08-30 00:00:00,0.04584661211957235,"[0.3772350947435481, 0.3298207712512081, 0.2929441340052437]"
2024-09-02 00:00:00,0.02421263751585227,"[0.3838141511631806, 0.3178421037512761, 0.2983437450855434]"
2024-09-03 00:00:00,0.026248343872758068,"[0.3741182400973185, 0.32437577486675717, 0.3015059850359243]"
2024-09-04 00:00:00,0.017629138976867468,"[0.36140006323735113, 0.3453715718891329, 0.29322836487351606]"
2024-09-05 00:00:00,0.021184982921132155,"[0.3625481138861347, 0.34037792209181794, 0.2970739640220474]"
2024-09-06 00:00:00,0.012729377267596733,"[0.36087711667638617, 0.34148555645694234, 0.2976373268666716]"
2024-09-09 00:00:00,0.00014866428165388398,"[0.3599930276048486, 0.3407686050965096, 0.2992383672986419]"
2024-09-10 00:00:00,-0.0013760656396984829,"[0.3644447284167739, 0.3323194748809197, 0.30323579670230655]"
2024-09-11 00:00:00,-0.004121534385353377,"[0.36430038905573936, 0.33275660632732856, 0.3029430046169321]"
2024-09-12 00:00:00,-0.00613204059075556,"[0.38055735710765015, 0.30221041593557163, 0.3172322269567783]"
2024-09-13 00:00:00,-0.013702028767884686,"[0.3798120198551285, 0.3033846531414052, 0.31680332700346625]"
2024-09-18 00:00:00,-0.010600844462979849,"[0.37477732092330396, 0.30762028275537345, 0.31760239632132264]"
2024-09-19 00:00:00,0.004810843412916514,"[0.36095256041503665, 0.31921454647169184, 0.31983289311327145]"
2024-09-20 00:00:00,0.004750540047614823,"[0.3531776696099632, 0.31998995774946215, 0.3268323726405747]"
2024-09-23 00:00:00,0.00878025034345234,"[0.3534154954989184, 0.3202415991097499, 0.3263429053913317]"
2024-09-24 00:00:00,0.04914483709270326,"[0.35282825743819013, 0.32115594288408217, 0.32601579967772776]"
2024-09-25 00:00:00,0.06662972804888526,"[0.3366670375871604, 0.3365806968700201, 0.3267522655428196]"
2024-09-26 00:00:00,0.10830828742201398,"[0.34262798068513606, 0.32642820533676603, 0.33094381397809797]"
2024-09-27 00:00:00,0.159460654139655,"[0.35362478395462377, 0.3265133010793453, 0.3198619149660309]"
2024-09-30 00:00:00,0.24845871298456354,"[0.3373208915913445, 0.3535077723316344, 0.3091713360770211]"
2024-10-08 00:00:00,0.30619175272627375,"[0.3052842542767115, 0.37535286956228125, 0.3193628761610073]"
2024-10-09 00:00:00,0.22767772505394818,"[0.29085194810436593, 0.38658977741748207, 0.32255827447815205]"
2024-10-10 00:00:00,0.23948343221685778,"[0.3034017813511129, 0.36370938626837973, 0.3328888323805074]"
2024-10-11 00:00:00,0.2117528728928759,"[0.30342897618673875, 0.36192885303792505, 0.3346421707753362]"
2024-10-14 00:00:00,0.23169740898183241,"[0.301064274385561, 0.3657363673490063, 0.33319935826543284]"
2024-10-15 00:00:00,0.2101738850460172,"[0.30178610461582595, 0.3645717554682983, 0.3336421399158759]"
2024-10-16 00:00:00,0.20932935816892922,"[0.30246466696953667, 0.36514302772954105, 0.3323923053009223]"
2024-10-17 00:00:00,0.19403875444702454,"[0.302630928471948, 0.36533023496845396, 0.33203883655959804]"
2024-10-18 00:00:00,0.22562157450480497,"[0.30355990943188194, 0.36318037073622844, 0.33325971983188973]"
2024-10-21 00:00:00,0.2358466993427902,"[0.3025292499857752, 0.36423755929546764, 0.33323319071875707]"
2024-10-22 00:00:00,0.244511065120487,"[0.3022965501219635, 0.36487997211685735, 0.3328234777611792]"
2024-10-23 00:00:00,0.25135359003909835,"[0.3014965401993489, 0.36598691711741566, 0.33251654268323555]"
2024-10-24 00:00:00,0.23814491526512555,"[0.3011656000644441, 0.36592246632245745, 0.3329119336130984]"
2024-10-25 00:00:00,0.24690040874923536,"[0.30254811028782697, 0.36428894089520225, 0.33316294881697084]"
